,Brand,Model,Ram,Rom,Processor,Price Category,Processor Type,Rom Type,Price  (₹),Website,Ram - b,Processor Type - b,Price Category - b
0,Lenovo,Lenovo DFIN Yoga Slim 7 Laptop ,16GB,512GB SSD,11th Gen Intel Core i5,High End Laptop,Intel,Solid State Drive,81999,RelianceDigital.com,2,0,0
1,Dell,Dell 3400 Vostro 14 Laptop ,4GB,1TB HDD + 256GB SSD,11th Gen Intel Core i3,Budget Laptop,Intel,Hard Disk Drive & Solid State Drive,45999,RelianceDigital.com,0,0,1
2,Asus,Asus KG512S Laptop ,16GB,512GB SSD,AMD Ryzen 5,Mid Range Laptop,AMD,Solid State Drive,67999,RelianceDigital.com,2,1,2
3,Asus,Asus KG711TS Laptop ,16GB,1TB SSD,AMD Ryzen 7,High End Laptop,AMD,Solid State Drive,72499,RelianceDigital.com,2,1,0
4,Microsoft,Microsoft 5UI-00023 Surface 4 Laptop ,8GB,256GB SSD,AMD Ryzen 7,High End Laptop,AMD,Solid State Drive,130990,RelianceDigital.com,1,1,0
5,Microsoft,Microsoft 5PB-00023 Surface 4 Laptop ,8GB,256GB SSD,AMD Ryzen 5,High End Laptop,AMD,Solid State Drive,99990,RelianceDigital.com,1,1,0
6,Dell,Dell 3515 Inspiron 15 Standard Laptop ,8GB,256GB SSD,AMD Ryzen 3,Budget Laptop,AMD,Solid State Drive,38999,RelianceDigital.com,1,1,1
7,Dell,Dell 3515 Inspiron 15 Standard Laptop ,8GB,512GB SSD,AMD Ryzen 3,Budget Laptop,AMD,Solid State Drive,42999,RelianceDigital.com,1,1,1
8,Dell,Dell 3511 Inspiron 15 Standard Laptop ,8GB,1TB HDD,11th Gen Intel Core i3,Budget Laptop,Intel,Hard Disk Drive,40999,RelianceDigital.com,1,0,1
9,Dell,Dell 3405 Vostro 14 Laptop ,8GB,256GB SSD,AMD Ryzen 5,Budget Laptop,AMD,Solid State Drive,45799,RelianceDigital.com,1,1,1
10,Dell,Dell 3511 Inspiron 15 Standard Laptop ,8GB,512GB SSD,11th Gen Intel Core i5,Mid Range Laptop,Intel,Solid State Drive,58999,RelianceDigital.com,1,0,2
11,Dell,Dell 3511 Inspiron 15 Laptop ,8GB,1TB HDD + 256GB SSD,11th Gen Intel Core i5,Mid Range Laptop,Intel,Hard Disk Drive & Solid State Drive,63499,RelianceDigital.com,1,0,2
12,Lenovo,Lenovo 13IN IdeaPad 3i Laptop ,4GB,256GB SSD,10th Gen Intel Core i3,Budget Laptop,Intel,Solid State Drive,31999,RelianceDigital.com,0,0,1
13,Lenovo,Lenovo 2EIN IdeaPad 3i Laptop ,8GB,256GB SSD,10th Gen Intel Core i3,Budget Laptop,Intel,Solid State Drive,32999,RelianceDigital.com,1,0,1
14,HP,HP Envy x360 E13-AY0508AU Convertible Laptop ,16GB,1TB SSD,AMD Ryzen 7,High End Laptop,AMD,Solid State Drive,91999,RelianceDigital.com,2,1,0
15,HP,HP Envy 13-ba1501TX Laptop ,16GB,512GB SSD,Intel Core i5,High End Laptop,Intel,Solid State Drive,77999,RelianceDigital.com,2,0,0
16,HP,HP Pavilion 15-DK2076TX Gaming Laptop ,16GB,512GB SSD,Intel Core i7,High End Laptop,Intel,Solid State Drive,90999,RelianceDigital.com,2,0,0
17,Lenovo,Lenovo 2EHA IdeaPad Slim 3i Laptop ,4GB,64GB eMMC 5.1,Intel Celeron,Budget Laptop,Intel,Embedded Multimedia Card,16999,RelianceDigital.com,0,0,1
18,Lenovo,Lenovo 12HA IdeaPad Flex 3i Laptop ,4GB,128GB eMMC 5.1,Intel Celeron,Budget Laptop,Intel,Embedded Multimedia Card,23499,RelianceDigital.com,0,0,1
19,Lenovo,Lenovo DGIN IdeaPad Slim 3i Laptop ,8GB,256GB SSD,Intel Core i5,Budget Laptop,Intel,Solid State Drive,46999,RelianceDigital.com,1,0,1
20,HP,HP Pavilion 14-EC0000AX Laptop ,16GB,512GB SSD,AMD Ryzen 5,Mid Range Laptop,AMD,Solid State Drive,62999,RelianceDigital.com,2,1,2
21,Acer,Acer NX.A1GSI.00D Aspire 5 Laptop ,8GB,512GB SSD,Intel Core i5,Mid Range Laptop,Intel,Solid State Drive,53999,RelianceDigital.com,1,0,2
22,HP,HP Pavilion 14-EC0033AU Laptop ,8GB,512GB SSD,AMD Ryzen 5,Mid Range Laptop,AMD,Solid State Drive,58999,RelianceDigital.com,1,1,2
23,HP,HP 33.78 cm ,16GB,16 GB,Intel Core i7,High End Laptop,Intel,Solid State Drive,161999,RelianceDigital.com,2,0,0
24,HP,HP 16d0351TX Victus Gaming Laptop ,16GB,512GB SSD,11th Gen Intel Core i5,High End Laptop,Intel,Solid State Drive,87999,RelianceDigital.com,2,0,0
25,HP,HP 16d0360TX Victus Gaming Laptop ,16GB,512GB SSD,11th Gen Intel Core i7,High End Laptop,Intel,Solid State Drive,108999,RelianceDigital.com,2,0,0
26,Lenovo,Lenovo 4DIN Ideapad Gaming 3i Laptop ,8GB,512GB SSD,11th Gen Intel Core i5,High End Laptop,Intel,Solid State Drive,73999,RelianceDigital.com,1,0,0
27,HP,HP 13-BE0030AU Pavilion Aero Laptop ,16GB,512GB SSD,AMD Ryzen 5,Mid Range Laptop,AMD,Solid State Drive,65999,RelianceDigital.com,2,1,2
28,Asus,Asus HN272T TUF F15 Gaming Laptop ,8GB,512GB SSD,10th Gen Intel Core i5,Mid Range Laptop,Intel,Solid State Drive,63990,RelianceDigital.com,1,0,2
29,Lenovo,Lenovo G0IN IdeaPad 3i Laptop ,8GB,512GB SSD,11th Gen Intel Core i3,Budget Laptop,Intel,Solid State Drive,39499,RelianceDigital.com,1,0,1
30,Dell,Dell 3400 Vostro Laptop ,8GB,1TB HDD + 256GB SSD,11th Gen Intel Core i5,Mid Range Laptop,Intel,Hard Disk Drive & Solid State Drive,57999,RelianceDigital.com,1,0,2
31,Dell,Dell 9310 XPS Laptop ,8GB,512GB SSD,11th Gen Intel Core i5,High End Laptop,Intel,Solid State Drive,140999,RelianceDigital.com,1,0,0
32,HP,HP 15S-GR0012AU Laptop ,8GB,1TB HDD + 256GB SSD,AMD Ryzen 3,Budget Laptop,AMD,Hard Disk Drive & Solid State Drive,41499,RelianceDigital.com,1,1,1
33,AVITA,AVITA Liber V14 A8INF561-GB Laptop ,8GB,512GB SSD,10th Gen Intel Core i5,Budget Laptop,Intel,Solid State Drive,46999,RelianceDigital.com,1,0,1
34,AVITA,AVITA Liber V14 A8INF562-CS Laptop ,8GB,512GB SSD,10th Gen Intel Core i5,Budget Laptop,Intel,Solid State Drive,46999,RelianceDigital.com,1,0,1
35,Dell,Dell 3501 Inspiron Laptop ,8GB,1TB HDD + 256GB SSD,11th Gen Intel Core i5,Mid Range Laptop,Intel,Hard Disk Drive & Solid State Drive,57999,RelianceDigital.com,1,0,2
36,Dell,Dell 3501 Inspiron Laptop ,8GB,1TB HDD + 256GB SSD,11th Gen Intel Core i5,Mid Range Laptop,Intel,Hard Disk Drive & Solid State Drive,64999,RelianceDigital.com,1,0,2
37,HP,HP 15s-fq2071TU Laptop ,8GB,512GB SSD + 32GB Intel Optane Memory,11th Gen Intel Core i5,Mid Range Laptop,Intel,Solid State Drive & Intel Optane Memory,57999,RelianceDigital.com,1,0,2
38,Lenovo,Lenovo E0IN Yoga 7 Convertible Laptop ,16GB,512GB SSD,11th Gen Intel Core i7,High End Laptop,Intel,Solid State Drive,98999,RelianceDigital.com,2,0,0
39,Lenovo,Lenovo CTIN Yoga 7 Convertible Laptop ,16GB,512GB SSD,11th Gen Intel Core i5,High End Laptop,Intel,Solid State Drive,81990,RelianceDigital.com,2,0,0
40,Dell,Dell 5310 Inspiron 13 Laptop ,8GB,512GB SSD,11th Gen Intel Core i5,Mid Range Laptop,Intel,Solid State Drive,65499,RelianceDigital.com,1,0,2
41,Lenovo,Lenovo CVIN IdeaPad Slim 3i Laptop ,8GB,512GB SSD,11th Gen Intel Core i5,Mid Range Laptop,Intel,Solid State Drive,61190,RelianceDigital.com,1,0,2
42,Lenovo,Lenovo P2IN Legion 5 Gaming Laptop ,8GB,512GB SSD,10th Gen Intel Core i5,High End Laptop,Intel,Solid State Drive,71490,RelianceDigital.com,1,0,0
43,Asus,Asus HQ008TS ROG Strix G15 ,16GB,1TB SSD,AMD Ryzen 9,High End Laptop,AMD,Solid State Drive,154999,RelianceDigital.com,2,1,0
44,Asus,Asus BQ562TS Laptop ,8GB,512GB SSD + 32GB Intel Optane Memory,11th Gen Intel Core i5,Budget Laptop,Intel,Solid State Drive & Intel Optane Memory,49999,RelianceDigital.com,1,0,1
45,Asus,Asus EB562TS Laptop ,8GB,512GB SSD + 32GB Intel Optane Memory,11th Gen Intel Core i5,Mid Range Laptop,Intel,Solid State Drive & Intel Optane Memory,52999,RelianceDigital.com,1,0,2
46,Asus,Asus BV301TS Laptop ,4GB,1TB HDD,10th Gen Intel Core i3,Budget Laptop,Intel,Hard Disk Drive,26999,RelianceDigital.com,0,0,1
47,Asus,Asus K2066TS ROG Zephyrus G14 Gaming Laptop ,8GB,1TB SSD,AMD Ryzen 7,High End Laptop,AMD,Solid State Drive,72999,RelianceDigital.com,1,1,0
48,Lenovo,Lenovo W6IN IdeaPad Flex 5 Convertible Laptop ,8GB,512GB SSD,11th Gen Intel Core i3,Mid Range Laptop,Intel,Solid State Drive,58499,RelianceDigital.com,1,0,2
49,Lenovo,Lenovo JCIN Legion 5 Pro Gaming Laptop ,16GB,1TB SSD,AMD Ryzen 7,High End Laptop,AMD,Solid State Drive,144999,RelianceDigital.com,2,1,0
50,Lenovo,Lenovo 7KIN IdeaPad 3 Laptop ,8GB,512GB SSD,AMD Ryzen 5,Budget Laptop,AMD,Solid State Drive,47999,RelianceDigital.com,1,1,1
51,HP,HP 15-eg1001TU Pavilion Laptop ,8GB,512GB SSD,11th Gen Intel Core i5,Mid Range Laptop,Intel,Solid State Drive,61999,RelianceDigital.com,1,0,2
52,Asus,Asus EB522TS Laptop ,8GB,512GB SSD,11th Gen Intel Core i5,Budget Laptop,Intel,Solid State Drive,47999,RelianceDigital.com,1,0,1
53,Asus,Asus EK562WS Laptop ,8GB,512GB SSD,11th Gen Intel Core i5,Budget Laptop,Intel,Solid State Drive,48999,RelianceDigital.com,1,0,1
54,Asus,Asus KM053WS Vivobook Pro 14X Gaming Laptop ,16GB,1TB SSD,AMD Ryzen 9,High End Laptop,AMD,Solid State Drive,101999,RelianceDigital.com,2,1,0
55,Acer,Acer A314-22 Aspire 3 Laptop ,4GB,1TB HDD,AMD 3020e,Budget Laptop,AMD,Hard Disk Drive,24990,RelianceDigital.com,0,1,1
56,Acer,Acer A514-54 Aspire 5 Laptop ,8GB,512GB SSD,11th Gen Intel Core i5,Mid Range Laptop,Intel,Solid State Drive,51890,RelianceDigital.com,1,0,2
57,Asus,Asus KA501WS TUF A17 ZenBook Duo Laptop ,8GB,512GB SSD,11th Gen Intel Core i5,High End Laptop,Intel,Solid State Drive,96999,RelianceDigital.com,1,0,0
58,Asus,Asus BQ511WS VivoBook 15 Laptop ,8GB,256GB SSD,10th Gen Intel Core i5,Budget Laptop,Intel,Solid State Drive,41990,RelianceDigital.com,1,0,1
59,Asus,Asus HF068WS TUF F15 Gaming Laptop ,16GB,1TB SSD,12th Gen Intel Core i7,High End Laptop,Intel,Solid State Drive,142999,RelianceDigital.com,2,0,0
60,Asus,Asus HX020W ROG Strix G17 Gaming Laptop ,16GB,512GB SSD,AMD Ryzen 7,High End Laptop,AMD,Solid State Drive,109999,RelianceDigital.com,2,1,0
61,HP,HP Pavilion 15-EG1000TX Laptop ,16GB,512GB SSD,11th Gen Intel Core i5,High End Laptop,Intel,Solid State Drive,70999,RelianceDigital.com,2,0,0
62,HP,HP Pavilion 14-ec0037AU Laptop,16GB,512GB SSD,AMD Ryzen 5,Mid Range Laptop,AMD,Solid State Drive,60400,RelianceDigital.com,2,1,2
63,Lenovo,Lenovo DYIN Yoga 7 Convertible Laptop ,16GB,512GB SSD,11th Gen Intel Core i5,High End Laptop,Intel,Solid State Drive,78999,RelianceDigital.com,2,0,0
64,Dell,Dell 3400 Vostro 14 Laptop ,8GB,512GB SSD,11th Gen Intel Core Core i3,Mid Range Laptop,Intel,Solid State Drive,62499,RelianceDigital.com,1,0,2
65,Asus,Asus KA711WS ZenBook Duo Laptop ,16GB,1TB SSD,11th Gen Intel Core i7,High End Laptop,Intel,Solid State Drive,137999,RelianceDigital.com,2,0,0
66,Lenovo,Lenovo 05IN IdeaPad 3 Laptop ,8GB,512GB SSD,11th Gen Intel Core i5,Mid Range Laptop,Intel,Solid State Drive,50999,RelianceDigital.com,1,0,2
67,Asus,Asus HY777TS ZenBook Duo ,16GB,1TB SSD,11th Gen Intel Core i7,High End Laptop,AMD,Solid State Drive,121999,RelianceDigital.com,2,1,0
68,HP,HP 13-bd0004TU Envy x360 Convertible Laptop ,8GB,512GB SSD,11th Gen Intel Core i5,High End Laptop,Intel,Solid State Drive,84999,RelianceDigital.com,1,0,0
69,Lenovo,Lenovo 22IN IdeaPad Slim 5i Laptop ,16GB,512GB SSD,11th Gen Intel Core i5,Mid Range Laptop,Intel,Solid State Drive,67990,RelianceDigital.com,2,0,2
70,Lenovo,Lenovo 3VIN IdeaPad Slim 5i Laptop ,16GB,512GB SSD,11th Gen Intel Core i5,High End Laptop,Intel,Solid State Drive,74990,RelianceDigital.com,2,0,0
71,HP,HP 14s-er0503TU Laptop ,8GB,512GB SSD,10th Gen Intel Core i5,Mid Range Laptop,Intel,Solid State Drive,53999,RelianceDigital.com,1,0,2
72,HP,HP 16d0003TX Victus Gaming Laptop ,8GB,512GB SSD,11th Gen Intel Core i5,High End Laptop,Intel,Solid State Drive,80499,RelianceDigital.com,1,0,0
73,Lenovo,Lenovo KYIN IdeaPad Slim 3i Laptop ,8GB,512GB SSD,11th Gen Intel Core i5,Mid Range Laptop,Intel,Solid State Drive,60999,RelianceDigital.com,1,0,2
74,HP,HP 15-dk1508TX Pavilion Gaming Laptop ,8GB,512GB SSD,10th Gen Intel Core i5,Mid Range Laptop,Intel,Solid State Drive,68999,RelianceDigital.com,1,0,2
75,Lenovo,Lenovo 8DIN IdeaPad Gaming 3i Laptop ,8GB,1TB HDD,10th Gen Intel Core i5,Mid Range Laptop,Intel,Hard Disk Drive,58990,RelianceDigital.com,1,0,2
76,Lenovo,Lenovo 93IN IdeaPad Gaming 3i Laptop ,8GB,512GB SSD,10th Gen Intel Core i5,Mid Range Laptop,Intel,Solid State Drive,67990,RelianceDigital.com,1,0,2
77,HP,HP 13-ay0046AU Convertible Laptop ,16GB,512GB SSD,AMD Ryzen 7,High End Laptop,AMD,Solid State Drive,96999,RelianceDigital.com,2,1,0
78,AVITA,AVITA A2INC44AMB Essential Laptop ,4GB,256GB SSD,Intel Celeron,Budget Laptop,Intel,Solid State Drive,22999,RelianceDigital.com,0,0,1
79,HP,HP 15-EC1048AX Pavilion Gaming Laptop ,8GB,1TB HDD + 256GB SSD,AMD Ryzen 5,Mid Range Laptop,AMD,Hard Disk Drive & Solid State Drive,66999,RelianceDigital.com,1,1,2
80,HP,HP 15-dk1511TX Pavilion Gaming Laptop ,16GB,512GB SSD,10th Gen Intel Core i7,High End Laptop,Intel,Solid State Drive,89999,RelianceDigital.com,2,0,0
81,HP,HP 15-eg1000TU Pavilion Laptop ,8GB,512GB SSD,11th Gen Intel Core i5,Mid Range Laptop,Intel,Solid State Drive,61999,RelianceDigital.com,1,0,2
82,HP,HP 13-BE0208AU Pavilion Aero Laptop ,16GB,1TB SSD,AMD Ryzen 7,High End Laptop,AMD,Solid State Drive,81999,RelianceDigital.com,2,1,0
83,HP,HP 4s-fq1083AU Laptop ,8GB,512GB SSD,AMD Ryzen 7,Mid Range Laptop,AMD,Solid State Drive,56999,RelianceDigital.com,1,1,2
84,Lenovo,Lenovo 75IN IdeaPad Slim 3 Pro Laptop ,16GB,512GB SSD,11th Gen Intel Core i5,Mid Range Laptop,Intel,Solid State Drive,54999,RelianceDigital.com,2,0,2
85,Dell,Dell 3511 Inspiron 15 Gaming Laptop ,8GB,1TB + 256GB Hybrid,11th Gen Intel Core i5,Mid Range Laptop,Intel,Hybrid,64999,RelianceDigital.com,1,0,2
86,Asus,Asus EK562WS Laptop ,16GB,512GB SSD,10th Gen Intel Core i3,Budget Laptop,Intel,Solid State Drive,35999,RelianceDigital.com,2,0,1
87,Lenovo,Lenovo MPIN IdeaPad 3 Laptop ,8GB,512GB SSD,AMD Ryzen 5,Mid Range Laptop,AMD,Solid State Drive,51999,RelianceDigital.com,1,1,2
88,Lenovo,Lenovo 4HIN Yoga 7 Convertible Laptop ,16GB,512GB SSD,11th Gen Intel Core i7,High End Laptop,Intel,Solid State Drive,98999,RelianceDigital.com,2,0,0
89,Microsoft,Microsoft Surface Laptop Go ,8GB,256GB SSD,10th Gen Intel Core i5,High End Laptop,Intel,Solid State Drive,75990,RelianceDigital.com,1,0,0
90,Lenovo,Lenovo L3IN IdeaPad 3 Laptop ,8GB,256GB SSD,11th Gen Intel Core i3,Budget Laptop,Intel,Solid State Drive,35999,RelianceDigital.com,1,0,1
91,Microsoft,Microsoft Surface Laptop Go ,8GB,128GB SSD,10th Gen Intel Core i5,Mid Range Laptop,Intel,Solid State Drive,64890,RelianceDigital.com,1,0,2
92,Lenovo,Lenovo QTIN IdeaPad L340 Gaming Laptop ,8GB,1TB HDD,9th Gen Intel Core i5,Mid Range Laptop,Intel,Hard Disk Drive,55999,RelianceDigital.com,1,0,2
93,Lenovo,Lenovo KLIN IdeaPad Slim 3i Laptop ,8GB,256GB SSD,11th Gen Intel Core i3,Budget Laptop,Intel,Solid State Drive,38499,RelianceDigital.com,1,0,1
94,HP,HP 14s-DQ2535TU Laptop ,8GB,512GB SSD,11th Gen Intel Core i5,Mid Range Laptop,Intel,Solid State Drive,55999,RelianceDigital.com,1,0,2
95,HP,HP 15s-DR3500TX Laptop ,8GB,512GB SSD,11th Gen Intel Core i5,Mid Range Laptop,Intel,Solid State Drive,64999,RelianceDigital.com,1,0,2
96,HP,HP 14s-DR2016TU Laptop ,8GB,512GB SSD,11th Gen Intel Core i5,Mid Range Laptop,Intel,Solid State Drive,58999,RelianceDigital.com,1,0,2
97,Asus,Asus HN256T TUF Gaming F15 Gaming Laptop ,16GB,512GB SSD,10th Gen Intel Core i5,Mid Range Laptop,Intel,Solid State Drive,66999,RelianceDigital.com,2,0,2
98,Dell,Dell Inspiron 15-G3 3500 Gaming Laptop ,8GB,512GB SSD,10th Gen Intel Core i7,High End Laptop,Intel,Solid State Drive,87999,RelianceDigital.com,1,0,0
99,HP,HP Firefly G7 ZBook Laptop ,8GB,1TB SSD,10th Gen Intel Core i5,High End Laptop,Intel,Solid State Drive,96499,RelianceDigital.com,1,0,0
100,HP,HP Firefly G7 ZBook Laptop ,8GB,1TB SSD,10th Gen Intel Core i5,High End Laptop,Intel,Solid State Drive,92999,RelianceDigital.com,1,0,0
101,Lenovo,Lenovo BQIN IdeaPad 5 Laptop ,8GB,1TB HDD + 256GB SSD,11th Gen Intel Core i5,Mid Range Laptop,Intel,Hard Disk Drive & Solid State Drive,64990,RelianceDigital.com,1,0,2
102,HP,HP 15S-du3032TU Laptop ,8GB,1TB HDD,11th Gen Intel Core i5,Mid Range Laptop,Intel,Hard Disk Drive,54999,RelianceDigital.com,1,0,2
103,Apple,Apple MGN73HNA MacBook Air ,8GB,512GB,Apple M1 Chip,High End Laptop,Apple,Solid State Drive,110095,RelianceDigital.com,1,2,0
104,Apple,Apple MYD92HNA MacBook Pro ,8GB,512GB,Apple M1 Chip,High End Laptop,Apple,Solid State Drive,131435,RelianceDigital.com,1,2,0
105,Lenovo,Lenovo BPIN IdeaPad 5 Laptop ,8GB,1TB HDD + 256GB SSD,11th Gen Intel Core i5,High End Laptop,Intel,Hard Disk Drive & Solid State Drive,72990,RelianceDigital.com,1,0,0
106,HP,HP 14s-DR2007TU Laptop ,8GB,512GB SSD,11th Gen Intel Core i7,High End Laptop,Intel,Solid State Drive,74999,RelianceDigital.com,1,0,0
107,Asus,Asus ExpertBook P1 ,4GB,1TB,10th Gen Intel Core i3,Budget Laptop,AMD,Hard Disk Drive,45999,RelianceDigital.com,0,1,1
108,HP,HP 13-ay0045AU Envy x360 Laptop ,8GB,512GB SSD,AMD Ryzen R5,High End Laptop,AMD,Solid State Drive,70999,RelianceDigital.com,1,1,0
109,HP,HP 15s-du3564TU Laptop ,8GB,512GB SSD,11th Gen Intel Core i3,Budget Laptop,Intel,Solid State Drive,43299,RelianceDigital.com,1,0,1
110,HP,HP 15s-du3563TU Laptop ,8GB,512GB SSD,11th Gen Intel Core i3,Budget Laptop,Intel,Solid State Drive,42999,RelianceDigital.com,1,0,1
111,Realme,Realme RMNB1002 Book Laptop ,8GB,512GB SSD,11th Gen Intel Core i5,Mid Range Laptop,Intel,Solid State Drive,59999,RelianceDigital.com,1,0,2
112,Realme,Realme RMNB1002 Book Laptop ,8GB,512GB SSD,11th Gen Intel Core i5,Mid Range Laptop,Intel,Solid State Drive,59999,RelianceDigital.com,1,0,2
113,Realme,Realme RMNB1001 Book Laptop ,8GB,256GB SSD,11th Gen Intel Core i3,Budget Laptop,Intel,Solid State Drive,46999,RelianceDigital.com,1,0,1
114,Realme,Realme RMNB1001 Book Laptop ,8GB,256GB SSD,11th Gen Intel Core i3,Budget Laptop,Intel,Solid State Drive,46999,RelianceDigital.com,1,0,1
115,Asus,Asus L1262TS Vivobook Pro 15 Gaming Laptop ,16GB,1TB SSD,AMD Ryzen 7,High End Laptop,AMD,Solid State Drive,92999,RelianceDigital.com,2,1,0
116,Asus,Asus EK701WS VivoBook 14 Laptop ,16GB,512GB SSD,10th Gen Intel Core i7,Mid Range Laptop,Intel,Solid State Drive,55499,RelianceDigital.com,2,0,2
117,Dell,Dell 5518 Inspiron 15 Laptop ,16GB,512GB SSD,11th Gen Intel Core i5,High End Laptop,Intel,Solid State Drive,73499,RelianceDigital.com,2,0,0
118,Asus,Asus EJ362WS VivoBook 15 Laptop ,8GB,512GB SSD + 32GB Intel Optane Memory,10th Gen Intel Core i3,Budget Laptop,Intel,Solid State Drive & Intel Optane Memory,36990,RelianceDigital.com,1,0,1
119,Asus,Asus LQ122WS Vivobook 13 Slate Laptop ,4GB,128GB eMMC,Intel Pentium Silver N6000,Budget Laptop,Intel,Embedded Multimedia Card,41799,RelianceDigital.com,0,0,1
120,Asus,Asus LQ121WS Vivobook 13 Slate Laptop ,4GB,128GB eMMC,Intel Pentium Silver N6000,Mid Range Laptop,Intel,Embedded Multimedia Card,51999,RelianceDigital.com,0,0,2
121,Asus,Asus LQ111WS Vivobook 13 Slate Laptop ,8GB,256GB eMMC,Intel Pentium Silver N6000,Mid Range Laptop,Intel,Embedded Multimedia Card,53499,RelianceDigital.com,1,0,2
122,Dell,Dell 5518 Inspiron 15 Laptop ,16GB,512GB SSD,11th Gen Intel Core i5,Mid Range Laptop,Intel,Solid State Drive,66999,RelianceDigital.com,2,0,2
123,Lenovo,Lenovo 8YIN IdeaPad Flex 5 Convertible Laptop ,8GB,512GB SSD,11th Gen Intel Core i5,Mid Range Laptop,Intel,Solid State Drive,66999,RelianceDigital.com,1,0,2
124,Dell,Dell 5518 Inspiron 15 Laptop ,16GB,512GB SSD,11th Gen Intel Core i5,Mid Range Laptop,Intel,Solid State Drive,68999,RelianceDigital.com,2,0,2
125,Asus,Asus HP562WS Zenbook Flip 13 2-in-1 Convertible Laptop ,16GB,512GB SSD,11th Gen Intel Core i5,High End Laptop,Intel,Solid State Drive,85499,RelianceDigital.com,2,0,0
126,HP,HP 15-eh1101AU Pavilion Laptop ,8GB,512GB SSD,AMD Ryzen 5,Mid Range Laptop,AMD,Solid State Drive,57999,RelianceDigital.com,1,1,2
127,AVITA,AVITA A8INF561 Liber V14 Laptop ,8GB,512GB SSD,10th Gen Intel Core i5,Budget Laptop,Intel,Solid State Drive,47999,RelianceDigital.com,1,0,1
128,Asus,Asus BV301T Laptop ,4GB,1TB HDD,10th Gen Intel Core i3,Budget Laptop,Intel,Hard Disk Drive,25999,RelianceDigital.com,0,0,1
129,Lenovo,Lenovo D1IN IdeaPad 5 Pro Laptop ,16GB,1TB SSD,AMD Ryzen 7,High End Laptop,AMD,Solid State Drive,78499,RelianceDigital.com,2,1,0
130,Lenovo,Lenovo HWIN Yoga 7 Convertible Laptop ,16GB,512GB SSD,11th Gen Intel Core i7,High End Laptop,Intel,Solid State Drive,92999,RelianceDigital.com,2,0,0
131,Apple,Apple MBPMK183HNA MacBook Pro ,16GB,512GB,Apple M1 Pro chip,High End Laptop,Apple,Solid State Drive,225506,RelianceDigital.com,2,2,0
132,Asus,Asus K513EA-L502TS Laptop ,8GB,1TB HDD + 256GB SSD,Intel Core i5,Mid Range Laptop,Intel,Hard Disk Drive & Solid State Drive,61499,RelianceDigital.com,1,0,2
133,Dell,Dell 3511 Inspiron 15 ,8GB,1TB HDD,11th Gen Intel Core i3,Budget Laptop,Intel,Hard Disk Drive,43499,RelianceDigital.com,1,0,1
134,Microsoft,Microsoft TFN-00013 Surface Pro 7+ Convertible Laptop ,8GB,128GB SSD,11th Gen Intel Core i5,High End Laptop,Intel,Solid State Drive,90999,RelianceDigital.com,1,0,0
135,Acer,Acer A715-42G Aspire 7 Gaming Laptop ,8GB,512GB SSD,AMD Ryzen 5,Mid Range Laptop,AMD,Solid State Drive,54990,RelianceDigital.com,1,1,2
136,Acer,Acer A315-58 Aspire 3 Laptop ,4GB,256GB SSD,11th Gen Intel Core i3,Budget Laptop,Intel,Solid State Drive,31790,RelianceDigital.com,0,0,1
137,Dell,Dell Vostro 3405 Laptop ,8GB,1TB HDD,AMD Ryzen 3,Budget Laptop,AMD,Hard Disk Drive,36999,RelianceDigital.com,1,1,1
138,Dell,Dell 3511 Inspiron 15 Laptop ,8GB,256GB SSD,11th Gen Intel Core i3,Budget Laptop,Intel,Solid State Drive,40999,RelianceDigital.com,1,0,1
139,Dell,Dell 3400 Vostro Laptop ,16GB,512GB SSD,11th Gen Intel Core i5,Mid Range Laptop,Intel,Solid State Drive,61999,RelianceDigital.com,2,0,2
140,Acer,Acer B311-31 Travelmate B3 Laptop ,4GB,256GB SSD,Intel Celeron,Budget Laptop,Intel,Solid State Drive,23490,RelianceDigital.com,0,0,1
141,Acer,Acer B311-31 Travelmate B3 Laptop ,4GB,128GB SSD,Intel Celeron,Budget Laptop,Intel,Solid State Drive,21999,RelianceDigital.com,0,0,1
142,Acer,Acer A315-23 Aspire 3 Laptop ,4GB,512GB SSD,AMD Ryzen 3,Budget Laptop,AMD,Solid State Drive,33490,RelianceDigital.com,0,1,1
143,Dell,Dell 3511 Inspiron 15 Laptop ,8GB,1TB + 256GB Hybrid,11th Gen Intel Core i3,Budget Laptop,Intel,Hybrid,48499,RelianceDigital.com,1,0,1
144,HP,HP 15-ec1025AX Pavilion Gaming Laptop ,8GB,512GB SSD,AMD Ryzen 5,Mid Range Laptop,AMD,Solid State Drive,61999,RelianceDigital.com,1,1,2
145,Dell,Dell Vostro 3400 Laptop ,8GB,1TB HDD,11th Gen Intel Core i5,Mid Range Laptop,Intel,Hard Disk Drive,50499,RelianceDigital.com,1,0,2
146,Dell,Dell 3515 Inspiron 15 ,8GB,256GB SSD,AMD Ryzen 5,Budget Laptop,AMD,Solid State Drive,45199,RelianceDigital.com,1,1,1
147,Dell,Dell 3511 Inspiron 15 ,8GB,256GB SSD,11th Gen Intel Core i3,Budget Laptop,Intel,Solid State Drive,40999,RelianceDigital.com,1,0,1
148,Dell,Dell Vostro 3400 Laptop ,8GB,1TB HDD,11th Gen Intel Core i3,Budget Laptop,Intel,Hard Disk Drive,41999,RelianceDigital.com,1,0,1
149,Lenovo,Lenovo PUIN IdeaPad 3 Laptop ,8GB,512GB SSD,10th Gen Intel Core i5,Budget Laptop,Intel,Solid State Drive,47799,RelianceDigital.com,1,0,1
150,Dell,Dell 3515 Inspiron 15 Laptop ,8GB,1TB HDD,AMD Ryzen 3,Budget Laptop,AMD,Hard Disk Drive,38999,RelianceDigital.com,1,1,1
151,Dell,Dell 5410 Inspiron 14 Laptop ,8GB,512GB SSD,11th Gen Intel Core i5,Mid Range Laptop,Intel,Solid State Drive,66999,RelianceDigital.com,1,0,2
152,Lenovo,Lenovo 56IN IdeaPad 3 Laptop ,8GB,256GB SSD,11th Gen Intel Core i5,Budget Laptop,Intel,Solid State Drive,48999,RelianceDigital.com,1,0,1
153,HP,HP 15-DK2095TX Pavilion Gaming Laptop ,16GB,512GB SSD,11th Gen Intel Core i5,High End Laptop,Intel,Solid State Drive,74999,RelianceDigital.com,2,0,0
154,HP,HP 15-EC2075AX Pavilion Gaming Laptop ,16GB,512GB SSD,11th Gen Intel Core i7,High End Laptop,Intel,Solid State Drive,91999,RelianceDigital.com,2,0,0
155,HP,HP 13-BE0206AU Pavilion Aero Laptop ,16GB,512GB SSD,AMD Ryzen 5,Mid Range Laptop,AMD,Solid State Drive,67999,RelianceDigital.com,2,1,2
156,Lenovo,Lenovo 92IN IdeaPad 3 Laptop ,8GB,1TB HDD,10th Gen Intel Core i3,Budget Laptop,Intel,Hard Disk Drive,31999,RelianceDigital.com,1,0,1
157,Lenovo,Lenovo 4DIN IdeaPad 5 Laptop ,16GB,512GB SSD,11th Gen Intel Core i5,Mid Range Laptop,Intel,Solid State Drive,65999,RelianceDigital.com,2,0,2
158,Lenovo,Lenovo 0AIN Yoga 7 Laptop ,16GB,512GB SSD,AMD Ryzen 7,High End Laptop,AMD,Solid State Drive,87999,RelianceDigital.com,2,1,0
159,Lenovo,Lenovo 07WIN Legion 5 Laptop ,16GB,512GB SSD,Intel Core i7,High End Laptop,Intel,Solid State Drive,119999,RelianceDigital.com,2,0,0
160,Lenovo,Lenovo DWIN IdeaPad 3 Laptop ,8GB,512GB SSD,11th Gen Intel Core i5,Mid Range Laptop,Intel,Solid State Drive,52999,RelianceDigital.com,1,0,2
161,Lenovo,Lenovo DCIN IdeaPad 3 Laptop ,8GB,512GB SSD,10th Gen Intel Core i5,Budget Laptop,Intel,Solid State Drive,47799,RelianceDigital.com,1,0,1
162,Lenovo,Lenovo DPIN Yoga 6 Convertible ,16GB,1TB SSD,AMD Ryzen 7,High End Laptop,AMD,Solid State Drive,81999,RelianceDigital.com,2,1,0
163,Lenovo,Lenovo BPIN IdeaPad 3 Gaming Laptop ,8GB,512GB SSD,10th Gen Intel Core i5,Budget Laptop,Intel,Solid State Drive,49999,RelianceDigital.com,1,0,1
164,Lenovo,Lenovo 8AIN IdeaPad 5 Laptop ,16GB,512GB SSD,11th Gen Intel Core i5,Mid Range Laptop,Intel,Solid State Drive,59999,RelianceDigital.com,2,0,2
165,Lenovo,Lenovo 59IN IdeaPad Flex 5 Convertible ,16GB,512GB SSD,11th Gen Intel Core i7,High End Laptop,Intel,Solid State Drive,81999,RelianceDigital.com,2,0,0
166,AVITA,AVITA PURA E NS14A6ING541 Laptop ,8GB,256GB SSD,AMD A6-9220e,Budget Laptop,AMD,Solid State Drive,25999,RelianceDigital.com,1,1,1
167,Dell,Dell 3511 Inspiron 15 ,8GB,512GB SSD,11th Gen Intel Core i5,Mid Range Laptop,Intel,Solid State Drive,56499,RelianceDigital.com,1,0,2
168,Dell,Dell 3511 Inspiron 15 ,8GB,1TB HDD + 256GB SSD,11th Gen Intel Core i5,Mid Range Laptop,Intel,Hard Disk Drive & Solid State Drive,57999,RelianceDigital.com,1,0,2
169,Lenovo,Lenovo BJIN IdeaPad Silm 3 Laptop ,8GB,512GB SSD,10th Gen Intel Core i5,Budget Laptop,Intel,Solid State Drive,47799,RelianceDigital.com,1,0,1
170,Asus,Asus HZ084TS ROG Zephyrus G14 Gaming Laptop ,8GB,512GB SSD,AMD Ryzen 7,High End Laptop,AMD,Solid State Drive,72999,RelianceDigital.com,1,1,0
171,HP,HP 14s-ef1000tu Laptop ,8GB,512GB SSD,11th Gen Intel Core i3,Budget Laptop,Intel,Solid State Drive,45999,RelianceDigital.com,1,0,1
172,Asus,Asus L502WS Laptop ,8GB,1TB HDD + 256GB SSD,11th Gen Intel Core i5,Mid Range Laptop,Intel,Hard Disk Drive & Solid State Drive,62999,RelianceDigital.com,1,0,2
173,Dell,Dell 3400 Vostro Laptop ,8GB,1TB HDD + 256GB SSD,11th Gen Intel Core i5,Mid Range Laptop,Intel,Hard Disk Drive & Solid State Drive,58999,RelianceDigital.com,1,0,2
174,Dell,Dell Inspiron 15 3511 Laptop ,16GB,512GB SSD,11th Gen Intel Core i5,Mid Range Laptop,Intel,Solid State Drive,63999,RelianceDigital.com,2,0,2
175,HP,HP 14-dy1010TU Pavilion x360 Convertible Laptop ,16GB,512GB SSD,11th Gen Intel Core i5,High End Laptop,Intel,Solid State Drive,73999,RelianceDigital.com,2,0,0
176,HP,HP 15-DU3517TU Laptop ,8GB,512GB SSD,11th Gen Intel Core i5,Mid Range Laptop,Intel,Solid State Drive,52999,RelianceDigital.com,1,0,2
177,Asus,Asus L303WS Laptop ,8GB,256GB SSD,11th Gen Intel Core i3,Budget Laptop,Intel,Solid State Drive,46999,RelianceDigital.com,1,0,1
178,Lenovo,Lenovo 8QIN Ideapad Slim 3 Laptop ,8GB,256GB SSD,10th Gen Intel Core i3,Budget Laptop,Intel,Solid State Drive,31999,RelianceDigital.com,1,0,1
179,HP,HP ay1038a Envy 13 Convertible Laptop ,16GB,512GB SSD,AMD Ryzen 5,High End Laptop,AMD,Solid State Drive,81999,RelianceDigital.com,2,1,0
180,Dell,Dell 3511 Inspiron 15 Standard Laptop ,8GB,512GB SSD,11th Gen Intel Core i3,Budget Laptop,Intel,Solid State Drive,45999,RelianceDigital.com,1,0,1
181,Dell,Dell 3511 Inspiron 15 Standard Laptop ,8GB,256GB SSD,11th Gen Intel Core i5,Mid Range Laptop,Intel,Solid State Drive,55999,RelianceDigital.com,1,0,2
182,Dell,Dell 3515 Inspiron 15 Standard Laptop ,8GB,256GB SSD,AMD Ryzen 5,Budget Laptop,AMD,Solid State Drive,45499,RelianceDigital.com,1,1,1
183,Dell,Dell 3511 Inspiron 15 Standard Laptop ,8GB,512GB SSD,11th Gen Intel Core i5,Mid Range Laptop,Intel,Solid State Drive,64499,RelianceDigital.com,1,0,2
184,HP,HP 14-eb0019TX Envy Gaming Laptop ,16GB,512GB SSD,11th Gen Intel Core i5,High End Laptop,Intel,Solid State Drive,81999,RelianceDigital.com,2,0,0
185,HP,HP 14-eb0021TX Envy Gaming Laptop ,16GB,1TB SSD,11th Gen Intel Core i7,High End Laptop,Intel,Solid State Drive,109999,RelianceDigital.com,2,0,0
186,HP,HP 14-ea0538TU Spectre x360 Convertible Laptop ,16GB,512GB SSD,11th Gen Intel Core i5,High End Laptop,Intel,Solid State Drive,104999,RelianceDigital.com,2,0,0
187,HP,HP 15-eh1103AU Pavilion Laptop ,16GB,512GB SSD,AMD Ryzen 5,Mid Range Laptop,AMD,Solid State Drive,62999,RelianceDigital.com,2,1,2
188,Lenovo,Lenovo DFIN Ideapad 3 Laptop ,8GB,512GB SSD,10th Gen Intel Core i5,Budget Laptop,Intel,Solid State Drive,45490,RelianceDigital.com,1,0,1
189,HP,HP 15s-dy3501TU Laptop ,8GB,512GB SSD,11th Gen Intel Core i3,Budget Laptop,Intel,Solid State Drive,39999,RelianceDigital.com,1,0,1
190,Dell,Dell 7415 Inspiron 14 Convertible Laptop ,8GB,512GB SSD,AMD Ryzen 5,Mid Range Laptop,AMD,Solid State Drive,68999,RelianceDigital.com,1,1,2
191,Dell,Dell 3515 Inspiron 15 Laptop ,8GB,256GB SSD,AMD Ryzen 5,Budget Laptop,AMD,Solid State Drive,45799,RelianceDigital.com,1,1,1
192,Lenovo,Lenovo 5DIN IdeaPad Flex 5 Convertible Laptop ,8GB,256GB SSD,11th Gen Intel Core i3,Mid Range Laptop,Intel,Solid State Drive,52499,RelianceDigital.com,1,0,2
193,Lenovo,Lenovo DCIN IdeaPad 5 Pro Laptop ,16GB,512GB SSD,11th Gen Intel Core i5,Mid Range Laptop,Intel,Solid State Drive,64999,RelianceDigital.com,2,0,2
194,Lenovo,Lenovo VXIN IdeaPad Flex 5 Convertible Laptop ,8GB,512GB SSD,11th Gen Intel Core i5,Mid Range Laptop,Intel,Solid State Drive,66999,RelianceDigital.com,1,0,2
195,Lenovo,Lenovo DWIN IdeaPad 3 Laptop ,8GB,256GB SSD,11th Gen Intel Core i3,Budget Laptop,Intel,Solid State Drive,36499,RelianceDigital.com,1,0,1
196,Lenovo,Lenovo UPIN IdeaPad 3 Laptop ,4GB,256GB SSD,Intel Celeron,Budget Laptop,AMD,Solid State Drive,27980,RelianceDigital.com,0,1,1
197,Lenovo,Lenovo W2IN IdeaPad Flex 5 Convertible Laptop ,8GB,512GB SSD,11th Gen Intel Core i3,Mid Range Laptop,Intel,Solid State Drive,55499,RelianceDigital.com,1,0,2
198,Microsoft,Microsoft E4K-00014 Surface Pro X Convertible Laptop ,8GB,128GB SSD,Microsoft SQ 1,High End Laptop,AMD,Solid State Drive,89990,RelianceDigital.com,1,1,0
199,Asus,Asus EB582TS Laptop ,16GB,512GB SSD + 32GB Intel Optane Memory,10th Gen Intel Core i5,Budget Laptop,Intel,Solid State Drive & Intel Optane Memory,48999,RelianceDigital.com,2,0,1
200,Asus,Asus ROG Zephyrus G14 Gaming Laptop ,16GB,1TB SSD,AMD Ryzen 9,High End Laptop,AMD,Solid State Drive,142999,RelianceDigital.com,2,1,0
201,Apple,Apple Z11C MacBook Pro ,8GB,512GB,Apple M1 Chip,High End Laptop,Apple,Solid State Drive,162900,RelianceDigital.com,1,2,0
202,Asus,Asus HN084WS ROG Strix G15 ,16GB,1TB SSD,AMD Ryzen 7,High End Laptop,AMD,Solid State Drive,113999,RelianceDigital.com,2,1,0
203,Acer,Acer AN515-58 Nitro 5 Gaming Laptop ,8GB,512GB SSD,12th Gen Intel Core i5,High End Laptop,Intel,Solid State Drive,84690,RelianceDigital.com,1,0,0
204,Samsung,Samsung Galaxy Book Go Laptop ,4GB,128GB SSD,Qualcomm Snapdragon 7C,Budget Laptop,AMD,Solid State Drive,35999,RelianceDigital.com,0,1,1
205,Samsung,Samsung Galaxy Book2 Pro Laptop ,16GB,512GB,12th Gen Intel Core i7,High End Laptop,Intel,Solid State Drive,124999,RelianceDigital.com,2,0,0
206,Samsung,Samsung Galaxy Book2 Pro Laptop ,8GB,512GB,12th Gen Intel Core i7,High End Laptop,Intel,Solid State Drive,114999,RelianceDigital.com,1,0,0
207,Lenovo,Lenovo MBIN Yoga Slim 7 Laptop ,16GB,512GB SSD,11th Gen Intel Core i5,High End Laptop,Intel,Solid State Drive,71999,RelianceDigital.com,2,0,0
208,Lenovo,Lenovo UWIN Ideapad G3 Gaming Laptop ,8GB,512GB SSD,AMD Ryzen 5,Mid Range Laptop,AMD,Solid State Drive,67999,RelianceDigital.com,1,1,2
209,Samsung,Samsung Galaxy Book2 360 Convertible Laptop ,16GB,512GB,12th Gen Intel Core i5,High End Laptop,Intel,Solid State Drive,96999,RelianceDigital.com,2,0,0
210,Samsung,Samsung Galaxy Book2 Pro 360 Convertible Laptop ,16GB,512GB,12th Gen Intel Core i7,High End Laptop,Intel,Solid State Drive,120999,RelianceDigital.com,2,0,0
211,Asus,Asus ROG Strix G15 G513 ,16GB,1TB SSD,AMD Ryzen 7,High End Laptop,AMD,Solid State Drive,123999,RelianceDigital.com,2,1,0
212,HP,HP 15-EG2019TX Pavilion Laptop ,16GB,512GB SSD,12th Gen Intel Core i5,High End Laptop,Intel,Solid State Drive,75999,RelianceDigital.com,2,0,0
213,Dell,Dell 5410 Inspiron 14 2-IN-1 Convertible Laptop ,16GB,512GB SSD,11th Gen Intel Core i5,High End Laptop,Intel,Solid State Drive,75999,RelianceDigital.com,2,0,0
214,HP,HP 16-d0302TX Victus Gaming Laptop ,8GB,512GB SSD,11th Gen Intel Core i5,Mid Range Laptop,Intel,Solid State Drive,63999,RelianceDigital.com,1,0,2
215,Asus,Asus VivoBook S 15 L501WS Laptop ,8GB,512GB SSD,12th Gen Intel Core i5,High End Laptop,Intel,Solid State Drive,74999,RelianceDigital.com,1,0,0
216,Dell,Dell Vostro 3400  Laptop ,8GB,512GB SSD,11th Gen Intel Core i5,Mid Range Laptop,Intel,Solid State Drive,51999,RelianceDigital.com,1,0,2
217,Asus,Asus HX070T TUF Gaming Laptop ,8GB,1TB SSD,11th Gen Intel Core i5,High End Laptop,Intel,Solid State Drive,76999,RelianceDigital.com,1,0,0
218,Asus,Asus GJ001W Laptop ,8GB,128GB eMMC,Intel Celeron,Budget Laptop,Intel,Embedded Multimedia Card,22990,RelianceDigital.com,1,0,1
219,HP,HP Pavilion 14-dv1000TU Pavilion Laptop ,8GB,512GB SSD,11th Gen Intel Core i5,Mid Range Laptop,Intel,Solid State Drive,60400,RelianceDigital.com,1,0,2
220,HP,HP Pavilion 14-DY1048TU Convertible x360 Laptop ,16GB,512GB SSD,11th Gen Intel Core i5,High End Laptop,Intel,Solid State Drive,72999,RelianceDigital.com,2,0,0
221,Dell,Dell Inspiron 3511 Laptop ,8GB,512GB SSD,11th Gen Intel Core i3,Budget Laptop,Intel,Solid State Drive,43999,RelianceDigital.com,1,0,1
222,Dell,Dell 3400 Vostro Laptop ,8GB,512GB SSD,11th Gen Intel Core i5,Mid Range Laptop,Intel,Solid State Drive,50499,RelianceDigital.com,1,0,2
223,HP,HP Envy 13-ay1040AU Convertible x360 Laptop ,16GB,1TB SSD,AMD Ryzen 7,High End Laptop,AMD,Solid State Drive,96999,RelianceDigital.com,2,1,0
224,HP,HP Pavilion 15-eg2002TU Laptop ,16GB,512GB SSD,Intel Core i5,Mid Range Laptop,Intel,Solid State Drive,69999,RelianceDigital.com,2,0,2
225,HP,HP 13-ba1505TX Envy Laptop ,16GB,1TB SSD,11th Gen Intel Core i7,High End Laptop,Intel,Solid State Drive,93999,RelianceDigital.com,2,0,0
226,HP,HP Pavilion 15-EH2024AU laptop ,16GB,512GB SSD,AMD Ryzen 5,Mid Range Laptop,AMD,Solid State Drive,63999,RelianceDigital.com,2,1,2
227,Lenovo,Lenovo 90IN Ideapad Flex 5 Convertible Laptop ,8GB,256GB SSD,11th Gen Intel Core i3,Mid Range Laptop,Intel,Solid State Drive,52499,RelianceDigital.com,1,0,2
228,Lenovo,Lenovo 68IN Ideapad G3 Gaming Laptop ,8GB,512GB SSD,11th Gen Intel Core i5,Mid Range Laptop,Intel,Solid State Drive,66999,RelianceDigital.com,1,0,2
229,Asus,Asus HN309W TUF Gaming F15 Gaming Laptop ,16GB,512GB SSD,10th Gen Intel Core i5,Mid Range Laptop,Intel,Solid State Drive,61999,RelianceDigital.com,2,0,2
230,Samsung,Samsung Galaxy Book2 Pro 360 Convertible Laptop ,16GB,512GB,12th Gen Intel Core i5,High End Laptop,Intel,Solid State Drive,115999,RelianceDigital.com,2,0,0
231,Samsung,Samsung Galaxy Book2 360 Convertible Laptop ,16GB,512GB,12th Gen Intel Core i7,High End Laptop,Intel,Solid State Drive,105999,RelianceDigital.com,2,0,0
232,Acer,Acer A315-23 Aspire 3 Laptop ,8GB,256GB SSD,AMD Ryzen 3,Budget Laptop,AMD,Solid State Drive,29990,RelianceDigital.com,1,1,1
233,Asus,Asus HX030WS TUF F17 Gaming Laptop ,16GB,1TB SSD,12th Gen Intel Core i7,High End Laptop,Intel,Solid State Drive,137999,RelianceDigital.com,2,0,0
234,Acer,Acer A315-58 Aspire 3 Laptop ,8GB,512GB SSD,11th Gen Intel Core i3,Budget Laptop,Intel,Solid State Drive,38490,RelianceDigital.com,1,0,1
235,Lenovo,Lenovo IdeaPad 3 L1IN Laptop ,16GB,512GB SSD,11th Gen Intel Core i3,Budget Laptop,Intel,Solid State Drive,37999,RelianceDigital.com,2,0,1
236,Dell,Dell Inspiron 3511 Laptop ,16GB,512GB SSD,11th Gen Intel Core i3,Budget Laptop,Intel,Solid State Drive,47999,RelianceDigital.com,2,0,1
237,Dell,Dell Inspiron 3515 Laptop ,16GB,1TB HDD + 256GB SSD,AMD Ryzen 3,Budget Laptop,AMD,Hard Disk Drive & Solid State Drive,41999,RelianceDigital.com,2,1,1
238,Dell,Dell Vostro 3405 Laptop ,8GB,512GB SSD,AMD Ryzen 3,Budget Laptop,AMD,Solid State Drive,39999,RelianceDigital.com,1,1,1
239,Dell,Dell 3515 Inspiron 15 Standard Laptop ,16GB,1TB HDD + 256GB SSD,AMD Ryzen 5,Budget Laptop,AMD,Hard Disk Drive & Solid State Drive,48999,RelianceDigital.com,2,1,1
240,Asus,Asus HN036WS TUF Dash F15 Gaming Laptop ,8GB,512GB SSD,12th Gen Intel Core i7,High End Laptop,Intel,Solid State Drive,114999,RelianceDigital.com,1,0,0
241,Dell,Dell Vostro 3400 Laptop ,8GB,512GB SSD,11th Gen Intel Core i5,Mid Range Laptop,Intel,Solid State Drive,55499,RelianceDigital.com,1,0,2
242,AVITA,Avita Essential Laptop ,4GB,256GB SSD,Intel Celeron,Budget Laptop,Intel,Solid State Drive,22999,RelianceDigital.com,0,0,1
243,Dell,Dell 3511 Inspiron 15 Laptop ,8GB,1TB HDD + 256GB SSD,11th Gen Intel Core i5,Mid Range Laptop,Intel,Hard Disk Drive & Solid State Drive,54999,RelianceDigital.com,1,0,2
244,Asus,Asus KM731WS ZenBook 14  Laptop ,16GB,512GB SSD,12th Gen Intel Core i7,High End Laptop,Intel,Solid State Drive,104999,RelianceDigital.com,2,0,0
245,Dell,Dell 5520 G15 Gaming Laptop ,16GB,512GB SSD,12th Gen Intel Core i7,High End Laptop,Intel,Solid State Drive,137999,RelianceDigital.com,2,0,0
246,Dell,Dell 3511 Inspiron Laptop ,16GB,512GB SSD,11th Gen Intel Core i5,Mid Range Laptop,Intel,Solid State Drive,69999,RelianceDigital.com,2,0,2
247,Acer,Acer Aspire 3 Laptop ,16GB,256GB SSD,AMD Athlon,Budget Laptop,AMD,Solid State Drive,24990,RelianceDigital.com,2,1,1
248,Dell,Dell 5410 Inspiron 14 2-in-1 Convertible Laptop ,16GB,512GB SSD,11th Gen Intel Core i5,High End Laptop,Intel,Solid State Drive,70999,RelianceDigital.com,2,0,0
249,Dell,Dell 3511 Inspiron 15 Standard Laptop ,16GB,512GB SSD,11th Gen Intel Core i5,Mid Range Laptop,Intel,Solid State Drive,66999,RelianceDigital.com,2,0,2
250,Dell,Dell 3515 Inspiron 15 Standard Laptop ,16GB,1TB HDD + 256GB SSD,AMD Ryzen 5,Budget Laptop,AMD,Hard Disk Drive & Solid State Drive,49999,RelianceDigital.com,2,1,1
251,Dell,Dell 5410 Inspiron 14 2-in-1 Convertible Laptop ,16GB,512GB SSD,11th Gen Intel Core i5,High End Laptop,Intel,Solid State Drive,83999,RelianceDigital.com,2,0,0
252,Asus,Asus E210MA-GJ002W Laptop ,4GB,128GB eMMC,Intel Celeron,Budget Laptop,Intel,Embedded Multimedia Card,22990,RelianceDigital.com,0,0,1
253,Dell,Dell 3515 Inspiron 15  Laptop ,8GB,512GB SSD,AMD Ryzen 5,Budget Laptop,AMD,Solid State Drive,48999,RelianceDigital.com,1,1,1
254,Dell,Dell Vostro 3500 Laptop ,8GB,512GB SSD,11th Gen Intel Core i5,Mid Range Laptop,Intel,Solid State Drive,57999,RelianceDigital.com,1,0,2
255,Dell,Dell 5410 Inspiron 14 2-in-1 Convertible Laptop ,4GB,512GB SSD,11th Gen Intel Core i7,High End Laptop,Intel,Solid State Drive,88999,RelianceDigital.com,0,0,0
256,Dell,Dell 3515 Inspiron 15 Standard Laptop ,16GB,512GB SSD,AMD Ryzen 5,Mid Range Laptop,AMD,Solid State Drive,50499,RelianceDigital.com,2,1,2
257,Dell,Dell 3515 Inspiron 15 Standard Laptop ,8GB,1TB HDD,AMD Ryzen 5,Mid Range Laptop,AMD,Hard Disk Drive,52999,RelianceDigital.com,1,1,2
258,HP,HP Pavilion 15-dk2100TX Gaming Laptop ,8GB,1TB HDD + 256GB SSD,11th Gen Intel Core i5,Mid Range Laptop,Intel,Hard Disk Drive & Solid State Drive,66999,RelianceDigital.com,1,0,2
259,Asus,Asus HN072WS TUF F15 Gaming Laptop ,8GB,1TB SSD,12th Gen Intel Core i7,High End Laptop,Intel,Solid State Drive,123999,RelianceDigital.com,1,0,0
260,Asus,Asus HX021W ROG Strix G17 ,16GB,512GB SSD,AMD Ryzen 7,High End Laptop,AMD,Solid State Drive,109999,RelianceDigital.com,2,1,0
261,Asus,Asus VivoBook S 15 L701WS Laptop ,16GB,512GB SSD,12th Gen Intel Core i7,High End Laptop,Intel,Solid State Drive,94999,RelianceDigital.com,2,0,0
262,Asus,Asus HN124W TUF A15 Gaming Laptop ,16GB,512GB,AMD Ryzen 9,High End Laptop,AMD,Solid State Drive,99999,RelianceDigital.com,2,1,0
263,Asus,Asus HQ275WS ROG Strix G15 Gaming Laptop ,8GB,1TB SSD,AMD Ryzen 7,High End Laptop,AMD,Solid State Drive,151999,RelianceDigital.com,1,1,0
264,Asus,Asus HN356W TUF F15 Gaming Laptop ,16GB,512GB SSD,10th Gen Intel Core i5,Mid Range Laptop,Intel,Solid State Drive,61999,RelianceDigital.com,2,0,2
265,Asus,Asus ROG Strix G15 G513 Gaming Laptop ,8GB,1TB SSD,AMD Ryzen 9,High End Laptop,AMD,Solid State Drive,119999,RelianceDigital.com,1,1,0
266,HP,HP 14-DY0208TU Pavilion x360 Convertible Laptop ,8GB,512GB SSD,11th Gen Intel Core i3,Mid Range Laptop,Intel,Solid State Drive,57999,RelianceDigital.com,1,0,2
267,Lenovo,Lenovo 7HIN IdeaPad 3 Laptop ,8GB,512GB SSD,AMD Ryzen 5,Budget Laptop,AMD,Solid State Drive,47999,RelianceDigital.com,1,1,1
268,HP,HP 15-eh2025au Laptop ,16GB,512GB SSD,AMD Ryzen 5,Mid Range Laptop,AMD,Solid State Drive,57999,RelianceDigital.com,2,1,2
269,HP,HP  Victus 16-d0354TX Gaming Laptop ,8GB,512GB SSD,11th Gen Intel Core i5,High End Laptop,Intel,Solid State Drive,75499,RelianceDigital.com,1,0,0
270,Asus,Asus HN075WS TUF A15 Gaming Laptop ,16GB,512GB SSD,AMD Ryzen 7,High End Laptop,AMD,Solid State Drive,82999,RelianceDigital.com,2,1,0
271,HP,HP Pavilion 15-EG2039TU Laptop ,4GB,1TB SSD,12th Gen Intel Core i7,High End Laptop,Intel,Solid State Drive,86999,RelianceDigital.com,0,0,0
272,Asus,Asus KM045WS VivoBook Pro 14 ,16GB,512GB SSD,AMD Ryzen 7,High End Laptop,AMD,Solid State Drive,89999,RelianceDigital.com,2,1,0
273,Lenovo,Lenovo 0FIN Yoga 6 Convertible Laptop ,16GB,512GB SSD,AMD Ryzen 7,High End Laptop,AMD,Solid State Drive,74999,RelianceDigital.com,2,1,0
274,Dell,Dell Inspiron 3515 Laptop ,8GB,512GB SSD,AMD Ryzen 5,Budget Laptop,AMD,Solid State Drive,47999,RelianceDigital.com,1,1,1
275,Apple,Apple MNEQ3HNA MacBook Pro ,8GB,512GB,Apple M2 chip,High End Laptop,Apple,Solid State Drive,149900,RelianceDigital.com,1,2,0
276,Dell,Dell 3511 Inspiron 15 Laptop ,8GB,256GB SSD,11th Gen Intel Core i3,Budget Laptop,Intel,Solid State Drive,42999,RelianceDigital.com,1,0,1
277,Acer,Acer A515-56 Aspire 5 Laptop ,8GB,512GB SSD,11th Gen Intel Core i5,Budget Laptop,Intel,Solid State Drive,48999,RelianceDigital.com,1,0,1
278,HP,HP Pavilion 15-eg2035TU Laptop ,8GB,512GB SSD,12th Gen Intel Core i5,High End Laptop,Intel,Solid State Drive,72999,RelianceDigital.com,1,0,0
279,Acer,Acer SF314-511 Swift 3 Laptop ,8GB,512GB SSD,11th Gen Intel Core i5,Mid Range Laptop,Intel,Solid State Drive,59750,RelianceDigital.com,1,0,2
280,Apple,Apple Z124 MacBook Air ,8GB,256GB,Apple M1 Chip,High End Laptop,Apple,Solid State Drive,112900,RelianceDigital.com,1,2,0
281,Asus,Asus K2067TS ROG Zephyrus G14 Gaming Laptop ,8GB,1TB SSD,AMD Ryzen 7,High End Laptop,AMD,Solid State Drive,72999,RelianceDigital.com,1,1,0
282,Asus,Asus L513WS VivoBook K15 Laptop ,16GB,512GB SSD,11th Gen Intel Core i5,Mid Range Laptop,Intel,Solid State Drive,64999,RelianceDigital.com,2,0,2
283,Apple,Apple MNEH3HNA MacBook Pro ,8GB,512GB,Apple M2 chip,High End Laptop,Apple,Solid State Drive,129900,RelianceDigital.com,1,2,0
284,Apple,Apple MNEJ3HNA MacBook Pro ,8GB,512GB,Apple M2 chip,High End Laptop,Apple,Solid State Drive,149900,RelianceDigital.com,1,2,0
285,Apple,Apple MNEH3HNA MacBook Pro ,8GB,256GB,Apple M2 chip,High End Laptop,Apple,Solid State Drive,129900,RelianceDigital.com,1,2,0
286,Asus,Asus K2331TS ROG Zephyrus G14 Gaming Laptop ,16GB,1TB SSD,AMD Ryzen 9,High End Laptop,AMD,Solid State Drive,142999,RelianceDigital.com,2,1,0
287,Asus,Asus EC312WS VivoBook Flip 14 Convertible Laptop,8GB,512GB SSD,11th Gen Intel Core i3,Mid Range Laptop,Intel,Solid State Drive,51999,RelianceDigital.com,1,0,2
288,Asus,Asus KM531WS ZenBook 14 Laptop ,16GB,512GB SSD,12th Gen Intel Core i5,High End Laptop,Intel,Solid State Drive,89999,RelianceDigital.com,2,0,0
289,Dell,Dell G15 Gaming Laptop ,16GB,512GB SSD,12th Gen Intel Core i7,High End Laptop,Intel,Solid State Drive,112999,RelianceDigital.com,2,0,0
290,Dell,Dell 5410 Inspiron 14 2-in-1 Convertible Laptop ,8GB,256GB SSD,11th Gen Intel Core i3,Mid Range Laptop,Intel,Solid State Drive,53999,RelianceDigital.com,1,0,2
291,Dell,Dell 5511 G15 Gaming Laptop ,8GB,512GB SSD,11th Gen Intel Core i5,High End Laptop,Intel,Solid State Drive,77999,RelianceDigital.com,1,0,0
292,Asus,Asus LD123WS ROG Flow Z13 Gaming Laptop ,16GB,512GB SSD,12th Gen Intel Core i7,High End Laptop,Intel,Solid State Drive,171999,RelianceDigital.com,2,0,0
293,Dell,Dell 5410 Inspiron 14 2-IN-1 Convertible Laptop ,8GB,512GB SSD,11th Gen Intel Core i5,High End Laptop,Intel,Solid State Drive,79499,RelianceDigital.com,1,0,0
294,Asus,Asus HP702WS ZenBook Flip 13 2-in-1 Convertible Laptop ,16GB,512GB SSD,11th Gen Intel Core i7,High End Laptop,Intel,Solid State Drive,106999,RelianceDigital.com,2,0,0
295,Lenovo,Lenovo 8JIN IdeaPad Slim 3 Laptop ,4GB,256GB SSD,10th Gen Intel Core i3,Budget Laptop,Intel,Solid State Drive,30999,RelianceDigital.com,0,0,1
296,HP,HP Pavilion 14-dv1001TU laptop,16GB,512GB SSD,11th Gen Intel Core i5,Mid Range Laptop,Intel,Solid State Drive,67990,RelianceDigital.com,2,0,2
297,HP,HP 14s-dr4000TU Laptop ,16GB,512GB SSD,11th Gen Intel Core i5,Mid Range Laptop,Intel,Solid State Drive,53999,RelianceDigital.com,2,0,2
298,Dell,Dell G15 5511 Gaming Laptop ,16GB,512GB SSD,11th Gen Intel Core i5,High End Laptop,Intel,Solid State Drive,75999,RelianceDigital.com,2,0,0
299,Asus,Asus HN036WS TUF Dash F15 Gaming Laptop ,8GB,512GB SSD,12th Gen Intel Core i5,High End Laptop,Intel,Solid State Drive,90999,RelianceDigital.com,1,0,0
300,Asus,Asus LD049WS ROG Flow Z13 Gaming Laptop ,8GB,512GB SSD,12th Gen Intel Core i5,High End Laptop,Intel,Solid State Drive,136999,RelianceDigital.com,1,0,0
301,HP,HP 14-dv1002TU Pavilion Thin & Light Laptop ,8GB,512GB SSD,11th Gen Intel Core i5,Mid Range Laptop,Intel,Solid State Drive,67400,RelianceDigital.com,1,0,2
302,HP,HP 15s-du3039TU Laptop ,8GB,1TB HDD,11th Gen Intel Core i3,Budget Laptop,Intel,Hard Disk Drive,39999,RelianceDigital.com,1,0,1
303,Lenovo,Lenovo UXIN IdeaPad Gaming 3 Laptop ,8GB,1TB HDD,AMD Ryzen 5,Mid Range Laptop,AMD,Hard Disk Drive,63990,RelianceDigital.com,1,1,2
304,Lenovo,Lenovo 5JIN Yoga 9 Convertible Laptop ,16GB,1TB SSD,11th Gen Intel Core i7,High End Laptop,Intel,Solid State Drive,174999,RelianceDigital.com,2,0,0
305,Lenovo,Lenovo Legion 5 Pro 16ITH6H Laptop ,16GB,1TB SSD,11th Gen Intel Core i7,High End Laptop,Intel,Solid State Drive,159999,RelianceDigital.com,2,0,0
306,HP,HP 15s-du3060TX Laptop ,8GB,1TB HDD,11th Gen Intel Core i5,Mid Range Laptop,Intel,Hard Disk Drive,59499,RelianceDigital.com,1,0,2
307,Lenovo,Lenovo K0IN IdeaPad Slim 5i Laptop ,8GB,512GB SSD,11th Gen Intel Core i5,Mid Range Laptop,Intel,Solid State Drive,64990,RelianceDigital.com,1,0,2
308,Lenovo,Lenovo ADIN IdeaPad Slim 5 Laptop ,8GB,512GB SSD,AMD Ryzen 7,Mid Range Laptop,AMD,Solid State Drive,59499,RelianceDigital.com,1,1,2
309,Asus,Asus EJ311TS Laptop ,4GB,1TB HDD,10th Gen Intel Core i3,Budget Laptop,Intel,Hard Disk Drive,29980,RelianceDigital.com,0,0,1
310,HP,HP 14a-na0003tu ChromeBook ,4GB,64GB eMMC,Intel Celeron,Budget Laptop,Intel,Embedded Multimedia Card,24999,RelianceDigital.com,0,0,1
311,HP,HP 16-e0075AX Victus Gaming Laptop ,8GB,512GB SSD,AMD Ryzen 5,Mid Range Laptop,AMD,Solid State Drive,62999,RelianceDigital.com,1,1,2
312,Asus,Asus EJ562WS Laptop ,16GB,512GB SSD,10th Gen Intel Core i5,Budget Laptop,Intel,Solid State Drive,45999,RelianceDigital.com,2,0,1
313,HP,HP 15-EC2150AX Pavilion Gaming Laptop ,8GB,512GB SSD,AMD Ryzen 5,Mid Range Laptop,AMD,Solid State Drive,62999,RelianceDigital.com,1,1,2
314,Lenovo,Lenovo L2IN IdeaPad 3 Laptop ,8GB,256GB SSD,11th Gen Intel Core i3,Budget Laptop,Intel,Solid State Drive,37499,RelianceDigital.com,1,0,1
315,Asus,Asus EK003W Laptop ,4GB,256GB SSD,Intel Celeron,Budget Laptop,Intel,Solid State Drive,27499,RelianceDigital.com,0,0,1
316,Asus,Asus EK342WS Laptop ,8GB,256GB SSD,11th Gen Intel Core i3,Budget Laptop,Intel,Solid State Drive,34999,RelianceDigital.com,1,0,1
317,Asus,Asus Vivobook 14 EB342WS Laptop ,8GB,256GB SSD,11th Gen Intel Core i3,Budget Laptop,Intel,Solid State Drive,33990,RelianceDigital.com,1,0,1
318,Lenovo,Lenovo EFIN Ideapad 3 Laptop ,8GB,256GB SSD,11th Gen Intel Core i3,Budget Laptop,Intel,Solid State Drive,35990,RelianceDigital.com,1,0,1
319,Lenovo,Lenovo B0IN Ideapad 3 Laptop ,8GB,512GB SSD,10th Gen Intel Core i3,Budget Laptop,Intel,Solid State Drive,36980,RelianceDigital.com,1,0,1
320,Asus,Asus BV311T VivoBook 14 Laptop ,8GB,1TB HDD,10th Gen Intel Core i3,Budget Laptop,Intel,Hard Disk Drive,28990,RelianceDigital.com,1,0,1
321,Lenovo,Lenovo E6IN Ideapad Slim 3 Laptop ,8GB,1TB HDD,10th Gen Intel Core i3,Budget Laptop,Intel,Hard Disk Drive,32499,RelianceDigital.com,1,0,1
322,Lenovo,Lenovo FBIN Ideapad Slim 3 Laptop ,8GB,256GB SSD,11th Gen Intel Core i3,Budget Laptop,Intel,Solid State Drive,37499,RelianceDigital.com,1,0,1
323,Lenovo,Lenovo 95IN Ideapad 1 Laptop ,4GB,256GB SSD,Intel Celeron,Budget Laptop,Intel,Solid State Drive,23890,RelianceDigital.com,0,0,1
324,HP,HP 14-dy0186TU Pavilion x360 Convertible Laptop ,8GB,512GB SSD,11th Gen Intel Core i3,Mid Range Laptop,Intel,Solid State Drive,54999,RelianceDigital.com,1,0,2
325,Lenovo,Lenovo 94IN IdeaPad Flex 5 Convertible Laptop ,8GB,512GB SSD,11th Gen Intel Core i3,Mid Range Laptop,Intel,Solid State Drive,55499,RelianceDigital.com,1,0,2
326,Lenovo,Lenovo B1IN IdeaPad 3 Laptop ,8GB,512GB SSD,10th Gen Intel Core i3,Budget Laptop,Intel,Solid State Drive,36999,RelianceDigital.com,1,0,1
327,Asus,Asus EB572WS X415 Laptop ,8GB,1TB HDD + 256GB SSD,11th Gen Intel Core i5,Budget Laptop,Intel,Hard Disk Drive & Solid State Drive,49999,RelianceDigital.com,1,0,1
328,Lenovo,Lenovo K8IN IdeaPad Slim 3i Laptop ,16GB,512GB SSD,11th Gen Intel Core i3,Budget Laptop,Intel,Solid State Drive,38999,RelianceDigital.com,2,0,1
329,Lenovo,Lenovo D330 IdeaPad 1YIN 2-in-1 Convertible Laptop ,4GB,128GB eMMC,Intel Celeron,Budget Laptop,Intel,Embedded Multimedia Card,20999,RelianceDigital.com,0,0,1
330,Asus,Asus E410 Eeebook ,8GB,256GB SSD,Intel Celeron,Budget Laptop,Intel,Solid State Drive,27499,RelianceDigital.com,1,0,1
331,Lenovo,Lenovo 7KIN IdeaPad Slim 3i Laptop ,4GB,256GB,Intel Celeron,Budget Laptop,Intel,Solid State Drive,27990,RelianceDigital.com,0,0,1
332,Acer,Acer A314-35 Aspire 3 Laptop ,4GB,256GB SSD,Intel Celeron,Budget Laptop,Intel,Solid State Drive,26699,RelianceDigital.com,0,0,1
333,Lenovo,Lenovo V1IN IdeaPad 3 Laptop ,4GB,512GB SSD,11th Gen Intel Core i5,Mid Range Laptop,Intel,Solid State Drive,52999,RelianceDigital.com,0,0,2
334,HP,HP 15s-eq2144au Laptop ,8GB,512GB SSD,AMD Ryzen 5,Budget Laptop,AMD,Solid State Drive,46999,RelianceDigital.com,1,1,1
335,HP,HP 14s-dr2512TU Laptop ,8GB,256GB SSD,11th Gen Intel Core i3,Budget Laptop,Intel,Solid State Drive,37499,RelianceDigital.com,1,0,1
336,HP,HP 14s-dr2514TU Laptop ,8GB,512GB SSD,11th Gen Intel Core i3,Budget Laptop,Intel,Solid State Drive,42999,RelianceDigital.com,1,0,1
337,HP,HP 15S-FR2508TU Laptop ,8GB,512GB SSD,11th Gen Intel Core i3,Budget Laptop,Intel,Solid State Drive,41999,RelianceDigital.com,1,0,1
338,HP,Hp 15s-fq2628TU Laptop ,8GB,512GB SSD,11th Gen Intel Core i3,Budget Laptop,Intel,Solid State Drive,41999,RelianceDigital.com,1,0,1
339,Lenovo,Lenovo E5IN IdeaPad Silm 3i Laptop ,4GB,512GB SSD,10th Gen Intel Core i3,Budget Laptop,Intel,Solid State Drive,36999,RelianceDigital.com,0,0,1
340,HP,HP 14s-dq3033TU Laptop ,8GB,256GB SSD,Intel Pentium Silver N6000,Budget Laptop,Intel,Solid State Drive,31948,RelianceDigital.com,1,0,1
341,HP,Hp 15s-fr5001TU Laptop ,8GB,512GB SSD,12th Gen Intel Core i5,Mid Range Laptop,Intel,Solid State Drive,60999,RelianceDigital.com,1,0,2
342,Lenovo,Lenovo IdeaPad 3 MQIN Laptop ,8GB,256GB SSD,Intel Celeron,Budget Laptop,Intel,Solid State Drive,29990,RelianceDigital.com,1,0,1
343,HP,HP 14s-fq1089AU Laptop ,8GB,512GB SSD,AMD Ryzen 3,Budget Laptop,AMD,Solid State Drive,40999,RelianceDigital.com,1,1,1
344,Lenovo,Lenovo IdeaPad Slim 3 Standard Laptop ,8GB,1TB HDD,10th Gen Intel Core i3,Budget Laptop,Intel,Hard Disk Drive,32999,RelianceDigital.com,1,0,1
345,HP,HP 15-EH2018AU Pavilion Laptop ,8GB,512GB SSD,AMD Ryzen 5,Mid Range Laptop,AMD,Solid State Drive,56999,RelianceDigital.com,1,1,2
346,HP,HP 14-DY0207TU Pavilion x360 Convertible Laptop ,8GB,512GB SSD,11th Gen Intel Core i3,Mid Range Laptop,Intel,Solid State Drive,57999,RelianceDigital.com,1,0,2
347,HP,HP 14-DY1049TU Pavilion x360 Convertible Laptop ,16GB,512GB SSD,11th Gen Intel Core i5,High End Laptop,Intel,Solid State Drive,74999,RelianceDigital.com,2,0,0
348,HP,HP 15-DU3519TX Pavilion Laptop ,8GB,512GB SSD,11th Gen Intel Core i5,Mid Range Laptop,Intel,Solid State Drive,63999,RelianceDigital.com,1,0,2
349,Acer,Acer 15 Nitro 5 Gaming Laptop ,8GB,512GB SSD,11th Gen Intel Core i5,Mid Range Laptop,Intel,Solid State Drive,61990,RelianceDigital.com,1,0,2
350,Asus,Asus BV322WS VivoBook 14 Laptop ,8GB,512GB SSD,10th Gen Intel Core i3,Budget Laptop,Intel,Solid State Drive,35999,RelianceDigital.com,1,0,1
351,Asus,Asus BQ301WS VivoBook 15 Laptop ,8GB,256GB SSD,AMD Ryzen 3,Budget Laptop,AMD,Solid State Drive,34299,RelianceDigital.com,1,1,1
352,HP,HP Pavilion 15-ec2144AX Gaming Laptop ,8GB,512GB SSD,AMD Ryzen 5,Mid Range Laptop,AMD,Solid State Drive,66999,RelianceDigital.com,1,1,2
353,Lenovo,Lenovo ARIN Ideapad G3 Gaming Laptop ,4GB,512GB SSD,10th Gen Intel Core i5,Mid Range Laptop,Intel,Solid State Drive,57999,RelianceDigital.com,0,0,2
354,Asus,Asus EJ312WS Laptop ,8GB,256GB SSD,11th Gen Intel Core i3,Budget Laptop,Intel,Solid State Drive,34999,RelianceDigital.com,1,0,1
355,MSI,MSI Modern 14 B10MW Laptop ,8GB,512GB SSD,10th Gen Intel Core i5,Budget Laptop,Intel,Solid State Drive,44499,RelianceDigital.com,1,0,1
356,MSI,MSI Modern 14 B10MW Laptop ,4GB,256GB SSD,10th Gen Intel Core i3,Budget Laptop,Intel,Solid State Drive,31490,RelianceDigital.com,0,0,1
357,Asus,Asus AU521WS Laptop ,16GB,512GB SSD,11th Gen Intel Core i5,Mid Range Laptop,Intel,Solid State Drive,54999,RelianceDigital.com,2,0,2
358,Asus,Asus EB372WS VivoBook 14 Laptop ,8GB,1TB HDD + 256GB SSD,11th Gen Intel Core i3,Budget Laptop,Intel,Hard Disk Drive & Solid State Drive,41999,RelianceDigital.com,1,0,1
359,Asus,Asus EB502WS Laptop ,8GB,256GB SSD,11th Gen Intel Core i5,Budget Laptop,Intel,Solid State Drive,43999,RelianceDigital.com,1,0,1
360,Acer,Acer EX215 Extensa 15 Laptop ,4GB,256GB SSD,11th Gen Intel Core i3,Budget Laptop,Intel,Solid State Drive,30990,RelianceDigital.com,0,0,1
361,HP,HP 15S-FQ4021TU Laptop ,8GB,512GB SSD,11th Gen Intel Core i5,Mid Range Laptop,Intel,Solid State Drive,52999,RelianceDigital.com,1,0,2
362,Samsung,Samsung Galaxy Book2 Pro Laptop ,8GB,512GB,12th Gen Intel Core i5,High End Laptop,Intel,Solid State Drive,106999,RelianceDigital.com,1,0,0
363,HP,HP 14s-dq3032tu Thin & Light Laptop ,8GB,256GB SSD,Intel Celeron,Budget Laptop,Intel,Solid State Drive,30990,RelianceDigital.com,1,0,1
364,Lenovo,Lenovo 8EIN Ideapad Silm 3i Laptop ,8GB,256GB SSD,10th Gen Intel Core i3,Budget Laptop,Intel,Solid State Drive,32999,RelianceDigital.com,1,0,1
365,Lenovo,Lenovo V2IN IdeaPad Slim 3i Laptop ,8GB,512GB SSD,11th Gen Intel Core i3,Budget Laptop,Intel,Solid State Drive,40999,RelianceDigital.com,1,0,1
366,Asus,Asus BV341T Vivobook 14 Laptop ,8GB,256GB SSD,10th Gen Intel Core i3,Budget Laptop,Intel,Solid State Drive,31649,RelianceDigital.com,1,0,1
367,Lenovo,Lenovo 41IN IdeaPad Slim 3 Laptop ,4GB,256GB SSD,10th Gen Intel Core i3,Budget Laptop,Intel,Solid State Drive,31490,RelianceDigital.com,0,0,1
368,HP,HP 15s-eq2143AU Laptop ,8GB,512GB SSD,AMD Ryzen 3,Budget Laptop,AMD,Solid State Drive,38999,RelianceDigital.com,1,1,1
369,HP,HP 14s-fq1092AU Laptop ,8GB,512GB SSD,AMD Ryzen 5,Budget Laptop,AMD,Solid State Drive,47999,RelianceDigital.com,1,1,1
370,HP,HP 15s-fq4022TU Laptop ,8GB,512GB SSD + 32GB Intel Optane Memory,11th Gen Intel Core i5,Mid Range Laptop,Intel,Solid State Drive & Intel Optane Memory,51990,RelianceDigital.com,1,0,2
371,HP,HP 14-DQ2606TU Laptop ,8GB,512GB SSD,11th Gen Intel Core i3,Budget Laptop,Intel,Solid State Drive,41999,RelianceDigital.com,1,0,1
372,Lenovo,Lenovo IdeaPad 3i 8YIN Laptop ,8GB,1TB HDD,10th Gen Intel Core i3,Budget Laptop,Intel,Hard Disk Drive,32999,RelianceDigital.com,1,0,1
373,Asus,Asus VivoBook 15 EJ502WS Laptop ,8GB,512GB SSD,12th Gen Intel Core i5,Mid Range Laptop,Intel,Solid State Drive,57999,RelianceDigital.com,1,0,2
374,HP,HP 15s-fq2626TU Laptop ,8GB,256GB SSD,11th Gen Intel Core i3,Budget Laptop,Intel,Solid State Drive,36490,RelianceDigital.com,1,0,1
375,HP,HP 15s-fq2627TU Laptop ,8GB,512GB SSD,11th Gen Intel Core i3,Budget Laptop,Intel,Solid State Drive,39990,RelianceDigital.com,1,0,1
376,Asus,Asus Vivobook 14 Laptop ,8GB,1TB HDD,10th Gen Intel Core i3,Budget Laptop,Intel,Hard Disk Drive,28999,RelianceDigital.com,1,0,1
377,Apple,Apple MGN63HNA MacBook Air ,8GB,256GB,Apple M1 Chip,High End Laptop,Apple,Solid State Drive,92900,RelianceDigital.com,1,2,0
378,Apple,Apple MYD82HNA MacBook Pro ,8GB,256GB,Apple M1 Chip,High End Laptop,Apple,Solid State Drive,106699,RelianceDigital.com,1,2,0
379,Lenovo,Lenovo 93IN IdeaPad 3 Laptop ,8GB,256GB SSD,10th Gen Intel Core i3,Budget Laptop,Intel,Solid State Drive,33999,RelianceDigital.com,1,0,1
380,Asus,Asus BQ512TS Vivobook Laptop ,8GB,1TB HDD + 256GB SSD,11th Gen Intel Core i5,Mid Range Laptop,Intel,Hard Disk Drive & Solid State Drive,53999,RelianceDigital.com,1,0,2
381,Apple,Apple MGND3HNA MacBook Air ,8GB,256GB,Apple M1 Chip,High End Laptop,Apple,Solid State Drive,92900,RelianceDigital.com,1,2,0
382,Asus,Asus HN362WS TUF F15 Gaming Laptop ,8GB,512GB SSD,11th Gen Intel Core i5,High End Laptop,Intel,Solid State Drive,79999,RelianceDigital.com,1,0,0
383,Apple,Apple MBPMKGP3HNA MacBook Pro ,16GB,512GB,Apple M1 Pro chip,High End Laptop,Apple,Solid State Drive,183206,RelianceDigital.com,2,2,0
384,Microsoft,Microsoft 1XF-00013 Surface Pro 7+ Convertible Laptop ,8GB,128GB SSD,11th Gen Intel Core i3,High End Laptop,Intel,Solid State Drive,83999,RelianceDigital.com,1,0,0
385,Lenovo,Lenovo 7EIN IdeaPad Slim 3i Laptop ,8GB,512GB SSD,AMD Ryzen 5,Budget Laptop,AMD,Solid State Drive,47999,RelianceDigital.com,1,1,1
386,HP,HP 14-ED0007QU Laptop ,16GB,128GB eMMC,Qualcomm Snapdragon 7C,Budget Laptop,Snapdragon,Embedded Multimedia Card,39999,RelianceDigital.com,2,3,1
387,HP,HP ENVY x360 E13-BD1003TU Convertible Laptop ,16GB,512GB SSD,11th Gen Intel Core i7,High End Laptop,Intel,Solid State Drive,96999,RelianceDigital.com,2,0,0
388,Asus,Asus HQ030WS TUF Dash F15 Gaming Laptop ,8GB,1TB SSD,12th Gen Intel Core i7,High End Laptop,Intel,Solid State Drive,164999,RelianceDigital.com,1,0,0
389,Lenovo,Lenovo J1IN IdeaPad Slim 3i Laptop ,8GB,512GB SSD,11th Gen Intel Core i5,Mid Range Laptop,Intel,Solid State Drive,50999,RelianceDigital.com,1,0,2
390,Lenovo,Lenovo EBIN IdeaPad Slim 3i Laptop ,8GB,512GB SSD,10th Gen Intel Core i3,Budget Laptop,Intel,Solid State Drive,36999,RelianceDigital.com,1,0,1
391,Lenovo,Lenovo A3IN IdeaPad G3 Gaming Laptop ,16GB,512GB SSD,11th Gen Intel Core i5,High End Laptop,Intel,Solid State Drive,75999,RelianceDigital.com,2,0,0
392,Lenovo,Lenovo 49IN IdeaPad 1 Laptop ,8GB,512GB SSD,AMD Ryzen 3,Budget Laptop,AMD,Solid State Drive,39499,RelianceDigital.com,1,1,1
393,Dell,Dell 3511 Inspiron 15 ,8GB,1TB HDD + 256GB SSD,10th Gen Intel Core i3,Budget Laptop,Intel,Hard Disk Drive & Solid State Drive,45199,RelianceDigital.com,1,0,1
394,Microsoft,Microsoft 34.29 cm (13.5 inch) Surface Laptop,8GB,128GB SSD,10th Gen Intel Core i5,High End Laptop,AMD,Solid State Drive,91990,RelianceDigital.com,1,1,0
395,Apple,Apple MacBook Pro MWP52HNA,16GB,1TB,Apple M2 chip,High End Laptop,Apple,Solid State Drive,189053,RelianceDigital.com,2,2,0
396,Asus,Asus ExpertBook P1 (P1440FA) Laptop,8GB,1TB HDD,10th Gen Intel Core i5,Mid Range Laptop,Intel,Hard Disk Drive,62999,RelianceDigital.com,1,0,2
397,HP,HP 15-ek0019TX Omen Gaming Laptop,16GB,1TB HDD,10th Gen Intel Core i7,High End Laptop,Intel,Hard Disk Drive,101199,RelianceDigital.com,2,0,0
398,HP,HP 15-ek0025TX Omen Gaming Laptop,8GB,512GB SSD,10th Gen Intel Core i5,High End Laptop,Intel,Solid State Drive,73999,RelianceDigital.com,1,0,0
399,Dell,Dell 3501 Inspiron 3000 Laptop,8GB,1TB HDD,11th Gen Intel Core i3,Budget Laptop,Intel,Hard Disk Drive,41999,RelianceDigital.com,1,0,1
400,Dell,Dell 3501 Inspiron 3000 Laptop,8GB,256GB SSD,10th Gen Intel Core i3,Budget Laptop,Intel,Solid State Drive,39999,RelianceDigital.com,1,0,1
401,Asus,Asus KA711TS ZenBook Duo (2021) Laptop,16GB,1TB SSD,11th Gen Intel Core i7,High End Laptop,AMD,Solid State Drive,138999,RelianceDigital.com,2,1,0
402,HP,HP 15-ec1023AX Pavilion Gaming Laptop,8GB,1TB HDD + 256GB SSD,AMD Ryzen 5,Mid Range Laptop,AMD,Hard Disk Drive & Solid State Drive,61999,RelianceDigital.com,1,1,2
403,HP,HP 15-ec1106AX Pavilion Gaming Laptop,8GB,512GB SSD,AMD Ryzen 5,Mid Range Laptop,AMD,Solid State Drive,63999,RelianceDigital.com,1,1,2
404,HP,HP 15s-FQ2076TU Laptop,8GB,512GB SSD,11th Gen Intel Core i5,Mid Range Laptop,Intel,Solid State Drive,52999,RelianceDigital.com,1,0,2
405,HP,HP 15-DK2075TX Pavilion Gaming Laptop,16GB,512GB SSD,11th Gen Intel Core i7,High End Laptop,Intel,Solid State Drive,83999,RelianceDigital.com,2,0,0
406,HP,HP 16d0300TX Victus Gaming Laptop,8GB,512GB SSD,11th Gen Intel Core i5,High End Laptop,Intel,Solid State Drive,74999,RelianceDigital.com,1,0,0
407,HP,HP 16d0005TX Victus Gaming Laptop,16GB,512GB SSD,11th Gen Intel Core i7,High End Laptop,Intel,Solid State Drive,100999,RelianceDigital.com,2,0,0
408,Asus,Asus K6464TS ROG Flow X13 Gaming Laptop,16GB,1TB SSD,AMD Ryzen 9,High End Laptop,AMD,Solid State Drive,112999,RelianceDigital.com,2,1,0
409,Dell,Dell 5415 Vostro 14 Laptop,8GB,512GB SSD,AMD Ryzen 5,Mid Range Laptop,AMD,Solid State Drive,57999,RelianceDigital.com,1,1,2
410,Lenovo,Lenovo P4IN Legion 5 Gaming Laptop,8GB,256GB SSD,10th Gen Intel Core i5,High End Laptop,Intel,Solid State Drive,72490,RelianceDigital.com,1,0,0
411,Dell,Dell 9305 XPS 13 Laptop,16GB,512GB SSD,11th Gen Intel Core i5,High End Laptop,Intel,Solid State Drive,115999,RelianceDigital.com,2,0,0
412,Dell,Dell 5310 Inspiron 13 Gaming Laptop,16GB,512GB SSD,11th Gen Intel Core i7,High End Laptop,Intel,Solid State Drive,92499,RelianceDigital.com,2,0,0
413,Asus,Asus KG701TS Zenbook 13 Laptop,16GB,1TB SSD,AMD Ryzen 7,High End Laptop,AMD,Solid State Drive,72499,RelianceDigital.com,2,1,0
414,Lenovo,Lenovo 4DIN Legion 5 Gaming Laptop,8GB,512GB SSD,AMD Ryzen 7,High End Laptop,AMD,Solid State Drive,89499,RelianceDigital.com,1,1,0
415,VAIO,VAIO E15 V2IN007P Laptop,8GB,512GB SSD,AMD Ryzen R5,Budget Laptop,AMD,Solid State Drive,48999,RelianceDigital.com,1,1,1
416,AVITA,AVITA Liber V14 A8INR672-MB Laptop,16GB,1TB SSD,10th Gen Intel Core i7,Mid Range Laptop,Intel,Solid State Drive,58999,RelianceDigital.com,2,0,2
417,HP,HP 15-ec1051AX Pavilion Gaming Laptop,8GB,512GB SSD,AMD Ryzen 5,High End Laptop,AMD,Solid State Drive,72999,RelianceDigital.com,1,1,0
418,Dell,Inspiron 14 Laptop,16GB,512GB SSD,11th Gen Intel Core i7,High End Laptop,Intel,Solid State Drive,84989,Dell.com,2,0,0
419,Dell,Inspiron 15 Laptop,16GB,512GB SSD,11th Gen Intel Core i5,Mid Range Laptop,Intel,Solid State Drive,66989,Dell.com,2,0,2
420,Dell,Inspiron 15 Laptop,8GB,512GB SSD,11th Gen Intel Core i5,Mid Range Laptop,Intel,Solid State Drive,62490,Dell.com,1,0,2
421,Dell,Inspiron 15 Laptop,16GB,512GB SSD,11th Gen Intel Core i5,High End Laptop,Intel,Solid State Drive,70990,Dell.com,2,0,0
422,Dell,XPS 17 Laptop,16GB,1TB SSD,12th Gen Intel Core i7,High End Laptop,Intel,Solid State Drive,274989,Dell.com,2,0,0
423,Dell,XPS 15 Laptop,16GB,512GB SSD,12th Gen Intel Core i7,High End Laptop,Intel,Solid State Drive,233990,Dell.com,2,0,0
424,Dell,G15 Gaming Laptop,16GB,1TB SSD,12th Gen Intel Core i7,High End Laptop,Intel,Solid State Drive,166790,Dell.com,2,0,0
425,Dell,G15 Gaming Laptop,16GB,1TB SSD,12th Gen Intel Core i7,High End Laptop,Intel,Solid State Drive,140990,Dell.com,2,0,0
426,Dell,G15 Gaming Laptop,16GB,512GB SSD,12th Gen Intel Core i7,High End Laptop,Intel,Solid State Drive,130789,Dell.com,2,0,0
427,Dell,G15 Gaming Laptop,16GB,512GB SSD,12th Gen Intel Core i7,High End Laptop,Intel,Solid State Drive,107490,Dell.com,2,0,0
428,Dell,New Inspiron 16 laptop,16GB,512GB SSD,12th Gen Intel Core i7,High End Laptop,Intel,Solid State Drive,89489,Dell.com,2,0,0
429,Dell,New Inspiron 14 Laptop,16GB,1TB SSD,12th Gen Intel Core i7,High End Laptop,Intel,Solid State Drive,87490,Dell.com,2,0,0
430,Dell,Inspiron 15 Plus Laptop,16GB,512GB SSD,11th Gen Intel Core i7,High End Laptop,Intel,Solid State Drive,114989,Dell.com,2,0,0
431,Dell,ALIENWARE M15 R7 GAMING LAPTOP,16GB,1TB SSD,12th Gen Intel Core i7,High End Laptop,Intel,Solid State Drive,219989,Dell.com,2,0,0
432,Dell,ALIENWARE M15 R7 GAMING LAPTOP,16GB,512GB SSD,12th Gen Intel Core i7,High End Laptop,Intel,Solid State Drive,169989,Dell.com,2,0,0
433,Dell,Inspiron 14 2-in-1 Laptop,16GB,512GB SSD,12th Gen Intel Core i7,High End Laptop,Intel,Solid State Drive,96890,Dell.com,2,0,0
434,Dell,XPS 13 Laptop,16GB,512GB SSD,11th Gen Intel Core i5,High End Laptop,Intel,Solid State Drive,99989,Dell.com,2,0,0
435,Dell,Inspiron 15 Laptop,16GB,512GB SSD,11th Gen Intel Core i5,High End Laptop,Intel,Solid State Drive,70489,Dell.com,2,0,0
436,Dell,XPS 15 Laptop,32GB,1TB SSD,12th Gen Intel Core i7,High End Laptop,Intel,Solid State Drive,249990,Dell.com,2,0,0
437,Dell,G15 Gaming Laptop,16GB,512GB SSD,11th Gen Intel Core i5,High End Laptop,Intel,Solid State Drive,75790,Dell.com,2,0,0
438,Dell,G15 Gaming Laptop,16GB,512GB SSD,AMD Ryzen 5,High End Laptop,AMD,Solid State Drive,77990,Dell.com,2,1,0
439,Dell,G15 Gaming Laptop,16GB,512GB SSD,12th Gen Intel Core i5,High End Laptop,Intel,Solid State Drive,90989,Dell.com,2,0,0
440,Dell,Inspiron 14 Laptop,16GB,512GB SSD,AMD Ryzen 5,Mid Range Laptop,AMD,Solid State Drive,64489,Dell.com,2,1,2
441,Dell,G15 Gaming Laptop,16GB,512GB SSD,AMD Ryzen 7,High End Laptop,AMD,Solid State Drive,128989,Dell.com,2,1,0
442,Dell,G15 Gaming Laptop,16GB,512GB SSD,AMD Ryzen 7,High End Laptop,AMD,Solid State Drive,96289,Dell.com,2,1,0
443,Dell,Inspiron 14 Laptop,16GB,512GB SSD,AMD Ryzen 7,High End Laptop,AMD,Solid State Drive,72989,Dell.com,2,1,0
444,Dell,Inspiron 14 Laptop,16GB,512GB SSD,11th Gen Intel Core i5,Mid Range Laptop,Intel,Solid State Drive,69990,Dell.com,2,0,2
445,Dell,Inspiron 16 laptop,16GB,512GB SSD,AMD Ryzen 5,High End Laptop,AMD,Solid State Drive,70489,Dell.com,2,1,0
446,Dell,Inspiron 16 laptop,16GB,512GB SSD,AMD Ryzen 7,High End Laptop,AMD,Solid State Drive,78990,Dell.com,2,1,0
447,Dell,Inspiron 15 Laptop,16GB,512GB SSD,11th Gen Intel Core i5,Mid Range Laptop,Intel,Solid State Drive,67989,Dell.com,2,0,2
448,Dell,Inspiron 14 Laptop,16GB,512GB SSD,AMD Ryzen 7,Mid Range Laptop,AMD,Solid State Drive,68989,Dell.com,2,1,2
449,Dell,New Inspiron 14 Laptop,16GB,512GB SSD,12th Gen Intel Core i5,High End Laptop,Intel,Solid State Drive,72490,Dell.com,2,0,0
450,Dell,Inspiron 15 3000 laptop,16GB,512GB SSD,11th Gen Intel Core i5,Mid Range Laptop,Intel,Solid State Drive,62489,Dell.com,2,0,2
451,Dell,New Inspiron 16 laptop,16GB,512GB SSD,12th Gen Intel Core i5,Mid Range Laptop,Intel,Solid State Drive,69989,Dell.com,2,0,2
452,Dell,New Inspiron 16 laptop,16GB,512GB SSD,12th Gen Intel Core i5,High End Laptop,Intel,Solid State Drive,77489,Dell.com,2,0,0
453,Dell,Inspiron 15 Plus Laptop,16GB,512GB SSD,11th Gen Intel Core i5,High End Laptop,Intel,Solid State Drive,99989,Dell.com,2,0,0
454,Dell,New Inspiron 14 Laptop,16GB,512GB SSD,12th Gen Intel Core i5,High End Laptop,Intel,Solid State Drive,72490,Dell.com,2,0,0
455,Dell,New Inspiron 14 Laptop,16GB,512GB SSD,12th Gen Intel Core i5,High End Laptop,Intel,Solid State Drive,74990,Dell.com,2,0,0
456,Dell,New Inspiron 14 Laptop,16GB,512GB SSD,12th Gen Intel Core i5,High End Laptop,Intel,Solid State Drive,72490,Dell.com,2,0,0
457,Dell,ALIENWARE M15 R6 GAMING LAPTOP,32GB,1TB SSD,11th Gen Intel Core i7,High End Laptop,Intel,Solid State Drive,229989,Dell.com,2,0,0
458,Dell,ALIENWARE M15 R7 GAMING LAPTOP,32GB,1TB SSD,12th Gen Intel Core i7,High End Laptop,Intel,Solid State Drive,274988,Dell.com,2,0,0
459,Dell,Inspiron 14 2-in-1 Laptop,16GB,512GB SSD,12th Gen Intel Core i5,High End Laptop,Intel,Solid State Drive,80789,Dell.com,2,0,0
460,Dell,Inspiron 14 2-in-1 Laptop,16GB,512GB SSD,AMD Ryzen 7,High End Laptop,AMD,Solid State Drive,91389,Dell.com,2,1,0
461,Dell,ALIENWARE M15 RYZEN EDITION R5 GAMING LAPTOP,16GB,512GB SSD,AMD Ryzen R7 5800H,High End Laptop,AMD,Solid State Drive,144990,Dell.com,2,1,0
462,Dell,ALIENWARE M15 RYZEN EDITION R5 GAMING LAPTOP,16GB,512GB SSD,AMD Ryzen R7 5800H,High End Laptop,AMD,Solid State Drive,129989,Dell.com,2,1,0
463,Dell,ALIENWARE X15 GAMING LAPTOP,16GB,1TB SSD,12th Gen Intel Core i7,High End Laptop,Intel,Solid State Drive,249989,Dell.com,2,0,0
464,Dell,ALIENWARE X14 GAMING LAPTOP,16GB,512GB SSD,12th Gen Intel Core i7,High End Laptop,Intel,Solid State Drive,170989,Dell.com,2,0,0
465,Dell,Vostro 3510 Laptop,8GB,256GB SSD,11th Gen Intel Core i3,Budget Laptop,Intel,Solid State Drive,39989,Dell.com,1,0,1
466,Dell,Vostro 3510 Laptop,8GB,256GB SSD,Intel Pentium Gold,Budget Laptop,Intel,Solid State Drive,34990,Dell.com,1,0,1
467,Dell,XPS 17 Laptop,32GB,1TB SSD,12th Gen Intel Core i9,High End Laptop,Intel,Solid State Drive,329990,Dell.com,2,0,0
468,Dell,G15 Gaming Laptop,8GB,512GB SSD,AMD Ryzen 5,High End Laptop,AMD,Solid State Drive,70990,Dell.com,1,1,0
469,Dell,Inspiron 14 Laptop,8GB,512GB SSD,11th Gen Intel Core i3,Budget Laptop,Intel,Solid State Drive,48489,Dell.com,1,0,1
470,Dell,Inspiron 15 Laptop,8GB,512GB SSD,11th Gen Intel Core i5,Mid Range Laptop,Intel,Solid State Drive,66990,Dell.com,1,0,2
471,Dell,Inspiron 14 Laptop,8GB,512GB SSD,11th Gen Intel Core i5,Mid Range Laptop,Intel,Solid State Drive,64989,Dell.com,1,0,2
472,Dell,Inspiron 14 Laptop,8GB,512GB SSD,AMD Ryzen 5,Mid Range Laptop,AMD,Solid State Drive,56990,Dell.com,1,1,2
473,Dell,Inspiron 14 Laptop,8GB,512GB SSD,AMD Ryzen 5,Mid Range Laptop,AMD,Solid State Drive,60989,Dell.com,1,1,2
474,Dell,New Inspiron 14 Laptop,8GB,512GB SSD,12th Gen Intel Core i3,Mid Range Laptop,Intel,Solid State Drive,51989,Dell.com,1,0,2
475,Dell,Inspiron 15 3000 laptop,8GB,512GB SSD,11th Gen Intel Core i3,Budget Laptop,Intel,Solid State Drive,44489,Dell.com,1,0,1
476,Dell,Inspiron 15 3000 Laptop,8GB,256GB SSD,AMD Athlon,Budget Laptop,AMD,Solid State Drive,33490,Dell.com,1,1,1
477,Dell,Inspiron 15 3000 Laptop,8GB,256GB SSD,Intel Pentium,Budget Laptop,Intel,Solid State Drive,34589,Dell.com,1,0,1
478,Apple,APPLE MacBook Air M1 ,8GB,512GB SSD,Apple M1 Processor,High End Laptop,Apple,Solid State Drive,106990,Flipkart.com,1,2,0
479,Apple,APPLE 2020 Macbook Air M1 ,8GB,256GB SSD,Apple M1 Processor,High End Laptop,Apple,Solid State Drive,92900,Flipkart.com,1,2,0
480,Apple,APPLE 2020 Macbook Air M1 ,8GB,512GB SSD,Apple M1 Processor,High End Laptop,Apple,Solid State Drive,111490,Flipkart.com,1,2,0
481,Apple,APPLE 2020 Macbook Air M1 ,8GB,256GB SSD,Apple M1 Processor,High End Laptop,Apple,Solid State Drive,92900,Flipkart.com,1,2,0
482,Apple,APPLE 2022 MacBook Pro M2 ,8GB,256GB SSD,Apple M2 Processor,High End Laptop,Apple,Solid State Drive,129900,Flipkart.com,1,2,0
483,Apple,APPLE 2022 MacBook Pro M2 ,8GB,512GB SSD,Apple M2 Processor,High End Laptop,Apple,Solid State Drive,149900,Flipkart.com,1,2,0
484,Apple,APPLE 2021 Macbook Pro M1 Pro ,16GB,512GB SSD,Apple M1 Pro Processor,High End Laptop,Apple,Solid State Drive,225990,Flipkart.com,2,2,0
485,Apple,APPLE 2020 Macbook Air M1 ,8GB,512GB SSD,Apple M1 Processor,High End Laptop,Apple,Solid State Drive,112490,Flipkart.com,1,2,0
486,Apple,APPLE 2022 MacBook Pro M2 ,8GB,512GB SSD,Apple M2 Processor,High End Laptop,Apple,Solid State Drive,149900,Flipkart.com,1,2,0
487,Apple,APPLE 2020 Macbook Pro M1 ,8GB,256GB SSD,Apple M1 Processor,High End Laptop,Apple,Solid State Drive,116990,Flipkart.com,1,2,0
488,Apple,APPLE 2022 MacBook Pro M2 ,8GB,256GB SSD,Apple M2 Processor,High End Laptop,Apple,Solid State Drive,129900,Flipkart.com,1,2,0
489,Apple,APPLE 2020 Macbook Pro M1 ,8GB,512GB SSD,Apple M1 Processor,High End Laptop,Apple,Solid State Drive,132990,Flipkart.com,1,2,0
490,Apple,APPLE MacBook Air M1 ,8GB,512GB SSD,Apple M1 Processor,High End Laptop,Apple,Solid State Drive,106990,Flipkart.com,1,2,0
491,Apple,APPLE 2020 Macbook Air M1 ,8GB,256GB SSD,Apple M1 Processor,High End Laptop,Apple,Solid State Drive,92900,Flipkart.com,1,2,0
492,Apple,APPLE MacBook Pro with Touch Bar Core i5 10th Gen ,16GB,1TB SSD,Intel Core i5,High End Laptop,Apple,Solid State Drive,174990,Flipkart.com,2,0,0
493,Apple,APPLE 2021 Macbook Pro M1 Pro ,16GB,1TB SSD,Apple M1 Pro Processor,High End Laptop,Apple,Solid State Drive,239990,Flipkart.com,2,2,0
494,Apple,APPLE MacBook Pro with Touch Bar Core i5 10th Gen ,16GB,1TB SSD,Intel Core i5,High End Laptop,Apple,Solid State Drive,174990,Flipkart.com,2,0,0
495,Apple,APPLE MacBook Pro M1 ,8GB,1TB SSD,Apple M1 Processor,High End Laptop,Apple,Solid State Drive,149990,Flipkart.com,1,2,0
496,Apple,APPLE MacBook Air Core i5 10th Gen ,8GB,512GB SSD,Intel Core i5,High End Laptop,Apple,Solid State Drive,104990,Flipkart.com,1,0,0
497,Apple,APPLE 2021 Macbook Pro M1 Pro ,16GB,1TB SSD,Apple M1 Pro Processor,High End Laptop,Apple,Solid State Drive,225990,Flipkart.com,2,2,0
498,Apple,APPLE MacBook Pro Core i5 8th Gen ,8GB,512GB SSD,Intel Core i5,High End Laptop,Apple,Solid State Drive,162990,Flipkart.com,1,0,0
499,Lenovo,Lenovo IdeaPad 3 Core i3 11th Gen ,8GB,512GB SSD,Intel Core i3,Budget Laptop,Intel,Solid State Drive,38490,Flipkart.com,1,0,1
500,Lenovo,Lenovo IdeaPad 3 Core i3 10th Gen ,8GB,256GB SSD,Intel Core i3,Budget Laptop,Intel,Solid State Drive,33490,Flipkart.com,1,0,1
501,Lenovo,Lenovo IdeaPad Core i3 11th Gen ,8GB,512GB SSD,Intel Core i3,Budget Laptop,Intel,Solid State Drive,38490,Flipkart.com,1,0,1
502,Lenovo,Lenovo IdeaPad 3 Celeron Dual Core 4th Gen ,4GB,256GB SSD,Intel Celeron,Budget Laptop,Intel,Solid State Drive,27990,Flipkart.com,0,0,1
503,Lenovo,Lenovo Ideapad Slim 5i Core i5 11th Gen ,16GB,512GB SSD,Intel Core i5,Mid Range Laptop,Intel,Solid State Drive,64990,Flipkart.com,2,0,2
504,Lenovo,Lenovo IdeaPad 3 Ryzen 5 Hexa Core 5500U ,8GB,512GB SSD,AMD Ryzen 5,Budget Laptop,AMD,Solid State Drive,47990,Flipkart.com,1,1,1
505,Lenovo,Lenovo IdeaPad 3 Core i3 10th Gen ,8GB,256GB SSD,Intel Core i3,Budget Laptop,Intel,Solid State Drive,33490,Flipkart.com,1,0,1
506,Lenovo,Lenovo IdeaPad 3 Core i3 11th Gen ,8GB,256GB SSD,Intel Core i3,Budget Laptop,Intel,Solid State Drive,36990,Flipkart.com,1,0,1
507,Lenovo,Lenovo IdeaPad Gaming 3 Core i5 10th Gen ,8GB,512GB SSD,Intel Core i5,Mid Range Laptop,Intel,Solid State Drive,53490,Flipkart.com,1,0,2
508,Lenovo,Lenovo IdeaPad 3 Core i5 11th Gen ,8GB,512GB SSD,Intel Core i5,Mid Range Laptop,Intel,Solid State Drive,51990,Flipkart.com,1,0,2
509,Lenovo,Lenovo IdeaPad 3 Core i3 11th Gen ,8GB,512GB SSD,Intel Core i3,Budget Laptop,Intel,Solid State Drive,41990,Flipkart.com,1,0,1
510,Lenovo,Lenovo Core i3 10th Gen ,8GB,512GB SSD,Intel Core i3,Budget Laptop,Intel,Solid State Drive,36990,Flipkart.com,1,0,1
511,Lenovo,Lenovo IdeaPad 3 Core i5 10th Gen ,8GB,512GB SSD,Intel Core i5,Budget Laptop,Intel,Solid State Drive,49990,Flipkart.com,1,0,1
512,Lenovo,Lenovo Ideapad Slim 3i (2021) Core i5 11th Gen ,8GB,512GB SSD,Intel Core i5,Mid Range Laptop,Intel,Solid State Drive,53990,Flipkart.com,1,0,2
513,Lenovo,Lenovo Legion 5 Ryzen 5 Hexa Core 4600H ,8GB,1TB HDD + 256GB SSD,AMD Ryzen 5,Mid Range Laptop,AMD,Hard Disk Drive & Solid State Drive,60990,Flipkart.com,1,1,2
514,Lenovo,Lenovo IdeaPad 3 Core i5 10th Gen ,8GB,512GB SSD,Intel Core i5,Budget Laptop,Intel,Solid State Drive,48490,Flipkart.com,1,0,1
515,Lenovo,Lenovo IdeaPad Core i3 10th Gen ,4GB,256GB SSD,Intel Core i3,Budget Laptop,Intel,Solid State Drive,31490,Flipkart.com,0,0,1
516,Lenovo,Lenovo Ideapad S145 Core i3 10th Gen ,8GB,256GB SSD,Intel Core i3,Budget Laptop,Intel,Solid State Drive,36490,Flipkart.com,1,0,1
517,Lenovo,Lenovo Core i3 10th Gen ,4GB,256GB SSD,Intel Core i3,Budget Laptop,Intel,Solid State Drive,32990,Flipkart.com,0,0,1
518,Lenovo,Lenovo IdeaPad Core i5 11th Gen ,16GB,512GB SSD,Intel Core i5,Mid Range Laptop,Intel,Solid State Drive,64990,Flipkart.com,2,0,2
519,Lenovo,Lenovo Core i3 11th Gen ,4GB,1TB HDD,Intel Core i3,Budget Laptop,Intel,Hard Disk Drive,33990,Flipkart.com,0,0,1
520,Lenovo,Lenovo IdeaPad Flex 5 Ryzen 5 Hexa Core 5500U ,8GB,512GB SSD,AMD Ryzen 5,Mid Range Laptop,AMD,Solid State Drive,61990,Flipkart.com,1,1,2
521,Lenovo,Lenovo IdeaPad Flex 5 Core i3 11th Gen ,8GB,512GB SSD,Intel Core i3,Mid Range Laptop,Intel,Solid State Drive,58990,Flipkart.com,1,0,2
522,Lenovo,Lenovo APU Dual Core A9 A99425 ,4GB,1TB HDD,AMD APU Dual Core A9,Budget Laptop,AMD,Hard Disk Drive,26990,Flipkart.com,0,1,1
523,Lenovo,Lenovo Thinkpad Ryzen 5 Hexa Core 5600U ,8GB,512GB SSD,AMD Ryzen 5,Mid Range Laptop,AMD,Solid State Drive,56990,Flipkart.com,1,1,2
524,Lenovo,Lenovo IdeaPad Ryzen 5 Hexa Core 5500U ,8GB,512GB SSD,AMD Ryzen 5,Mid Range Laptop,AMD,Solid State Drive,50990,Flipkart.com,1,1,2
525,Lenovo,Lenovo Ideapad Slim 3i (2021) Core i5 11th Gen ,8GB,256GB SSD,Intel Core i5,Budget Laptop,Intel,Solid State Drive,49990,Flipkart.com,1,0,1
526,Lenovo,Lenovo Core i3 10th Gen ,8GB,1TB HDD,Intel Core i3,Budget Laptop,Intel,Hard Disk Drive,32990,Flipkart.com,1,0,1
527,Lenovo,Lenovo ThinkBook 13s Core i5 11th Gen ,8GB,512GB SSD,Intel Core i5,Mid Range Laptop,Intel,Solid State Drive,54990,Flipkart.com,1,0,2
528,Lenovo,Lenovo IdeaPad Gaming 3 Ryzen 5 Hexa Core 5600H ,8GB,512GB SSD,AMD Ryzen 5,Mid Range Laptop,AMD,Solid State Drive,69990,Flipkart.com,1,1,2
529,Lenovo,Lenovo Ideapad Flex 5 Core i3 11th Gen ,8GB,256GB SSD,Intel Core i3,Mid Range Laptop,Intel,Solid State Drive,57200,Flipkart.com,1,0,2
530,Lenovo,Lenovo Legion 5 Core i5 10th Gen ,8GB,512GB SSD,Intel Core i5,Mid Range Laptop,Intel,Solid State Drive,66490,Flipkart.com,1,0,2
531,Lenovo,Lenovo IdeaPad 3 Core i3 11th Gen ,8GB,512GB SSD,Intel Core i3,Budget Laptop,Intel,Solid State Drive,44490,Flipkart.com,1,0,1
532,Lenovo,Lenovo Ideapad Slim 5i Core i5 11th Gen ,16GB,512GB SSD,Intel Core i5,High End Laptop,Intel,Solid State Drive,70990,Flipkart.com,2,0,0
533,Lenovo,Lenovo Legion 5 Ryzen 7 Octa Core 5800H ,16GB,1TB SSD,AMD Ryzen 7,High End Laptop,AMD,Solid State Drive,130990,Flipkart.com,2,1,0
534,Lenovo,Lenovo IdeaPad Slim 3i (2021) Core i3 11th Gen ,8GB,256GB SSD,Intel Core i3,Budget Laptop,Intel,Solid State Drive,43990,Flipkart.com,1,0,1
535,Lenovo,Lenovo Ideapad Slim 5 Ryzen 7 Octa Core 4700U ,8GB,512GB SSD,AMD Ryzen 7,Mid Range Laptop,AMD,Solid State Drive,58990,Flipkart.com,1,1,2
536,Lenovo,Lenovo IdeaPad 3 Celeron Dual Core ,4GB,256GB SSD,Intel Celeron,Budget Laptop,Intel,Solid State Drive,30799,Flipkart.com,0,0,1
537,Lenovo,Lenovo IdeaPad Gaming Ryzen 5 Hexa Core 4600H ,8GB,512GB SSD,AMD Ryzen 5,Mid Range Laptop,AMD,Solid State Drive,62990,Flipkart.com,1,1,2
538,Lenovo,Lenovo IdeaPad 5 Core i5 11th Gen ,16GB,512GB SSD,Intel Core i5,Mid Range Laptop,Intel,Solid State Drive,64990,Flipkart.com,2,0,2
539,Lenovo,Lenovo Legion 5 Core i7 11th Gen ,16GB,512GB SSD,Intel Core i7,High End Laptop,Intel,Solid State Drive,94990,Flipkart.com,2,0,0
540,Lenovo,Lenovo ThinkPad E15 Core i5 11th Gen ,8GB,512GB SSD,Intel Core i5,Mid Range Laptop,Intel,Solid State Drive,63990,Flipkart.com,1,0,2
541,Lenovo,Lenovo IdeaPad 5 Pro Core i5 11th Gen ,16GB,512GB SSD,Intel Core i5,Mid Range Laptop,Intel,Solid State Drive,67990,Flipkart.com,2,0,2
542,Lenovo,Lenovo Legion 5 Pro Core i7 11th Gen ,16GB,1TB SSD,Intel Core i7,High End Laptop,Intel,Solid State Drive,157990,Flipkart.com,2,0,0
543,Lenovo,Lenovo Core i5 11th Gen ,16GB,512GB SSD,Intel Core i5,High End Laptop,Intel,Solid State Drive,77990,Flipkart.com,2,0,0
544,Lenovo,Lenovo Ideapad Flex 5 Core i3 11th Gen ,8GB,512GB SSD,Intel Core i3,Mid Range Laptop,Intel,Solid State Drive,56999,Flipkart.com,1,0,2
545,Lenovo,Lenovo ThinkPad E15 Core i5 11th Gen ,8GB,512GB SSD,Intel Core i5,Mid Range Laptop,Intel,Solid State Drive,67990,Flipkart.com,1,0,2
546,Lenovo,Lenovo Core i5 11th Gen ,8GB,512GB SSD,Intel Core i5,Mid Range Laptop,Intel,Solid State Drive,54990,Flipkart.com,1,0,2
547,Lenovo,Lenovo Ideapad Slim3 Core i3 11th Gen ,8GB,256GB SSD,Intel Core i3,Budget Laptop,Intel,Solid State Drive,38990,Flipkart.com,1,0,1
548,Lenovo,Lenovo IdeaPad 1 Celeron Dual Core 4th Gen ,4GB,256GB SSD,Intel Celeron,Budget Laptop,Intel,Solid State Drive,27990,Flipkart.com,0,0,1
549,Lenovo,Lenovo Thinkbook Convertible Core i7 11th Gen ,16GB,512GB SSD,Intel Core i7,High End Laptop,Intel,Solid State Drive,84990,Flipkart.com,2,0,0
550,Lenovo,Lenovo Core i7 9th Gen ,16GB,1TB SSD,Intel Core i7,High End Laptop,Intel,Solid State Drive,229900,Flipkart.com,2,0,0
551,Lenovo,Lenovo ThinkPad E15 Core i3 11th Gen ,4GB,256GB SSD,Intel Core i3,Budget Laptop,Intel,Solid State Drive,44990,Flipkart.com,0,0,1
552,Lenovo,Lenovo IdeaPad 3 15IML05 Core i3 10th Gen ,8GB,256GB SSD,Intel Core i3,Budget Laptop,Intel,Solid State Drive,32990,Flipkart.com,1,0,1
553,Lenovo,Lenovo IdeaPad 5 Pro Core i5 11th Gen ,16GB,512GB SSD,Intel Core i5,High End Laptop,Intel,Solid State Drive,72990,Flipkart.com,2,0,0
554,Lenovo,Lenovo Yoga 6 Ryzen 5 Hexa Core 5500U ,16GB,512GB SSD,AMD Ryzen 5,High End Laptop,AMD,Solid State Drive,75990,Flipkart.com,2,1,0
555,Lenovo,Lenovo IdeaPad Flex 5 Core i3 11th Gen ,8GB,512GB SSD,Intel Core i3,Mid Range Laptop,Intel,Solid State Drive,58990,Flipkart.com,1,0,2
556,Lenovo,Lenovo Yoga Slim 7 Intel EVO Core i7 11th Gen ,16GB,1TB SSD,Intel Core i7,High End Laptop,Intel,Solid State Drive,102990,Flipkart.com,2,0,0
557,Lenovo,Lenovo IdeaPad Gaming 3 Core i5 11th Gen ,8GB,512GB SSD,Intel Core i5,Mid Range Laptop,Intel,Solid State Drive,65990,Flipkart.com,1,0,2
558,Lenovo,Lenovo Yoga Slim 7 Intel EVO Core i5 11th Gen ,16GB,512GB SSD,Intel Core i5,High End Laptop,Intel,Solid State Drive,87990,Flipkart.com,2,0,0
559,Lenovo,Lenovo IdeaPad 3 Chromebook Celeron Dual Core ,4GB,1TB HDD + 256GB SSD,Intel Celeron,Budget Laptop,Intel,Hard Disk Drive & Solid State Drive,19990,Flipkart.com,0,0,1
560,Lenovo,Lenovo Ideapad Slim 3i (2021) Core i5 11th Gen ,8GB,512GB SSD,Intel Core i5,Mid Range Laptop,Intel,Solid State Drive,57990,Flipkart.com,1,0,2
561,Lenovo,Lenovo Yoga Slim 7 Core i5 10th Gen ,8GB,512GB SSD,Intel Core i5,High End Laptop,Intel,Solid State Drive,74990,Flipkart.com,1,0,0
562,Lenovo,Lenovo IdeaPad 3 Core i3 10th Gen ,8GB,256GB SSD,Intel Core i3,Budget Laptop,Intel,Solid State Drive,36999,Flipkart.com,1,0,1
563,Lenovo,Lenovo Ideapad Slim 3i Core i5 11th Gen ,8GB,256GB SSD,Intel Core i5,Mid Range Laptop,Intel,Solid State Drive,54699,Flipkart.com,1,0,2
564,Lenovo,Lenovo Lenovo Legion 5 Pro Ryzen 7 Octa Core 5800H ,16GB,1TB SSD,AMD Ryzen 7,High End Laptop,AMD,Solid State Drive,142990,Flipkart.com,2,1,0
565,Lenovo,Lenovo Legion Core i5 9th Gen ,8GB,1TB HDD + 256GB SSD,Intel Core i5,Mid Range Laptop,Intel,Hard Disk Drive & Solid State Drive,65990,Flipkart.com,1,0,2
566,Lenovo,Lenovo Yoga 6 Ryzen 7 Octa Core 5700U ,16GB,512GB SSD,AMD Ryzen 7,High End Laptop,AMD,Solid State Drive,80990,Flipkart.com,2,1,0
567,Lenovo,Lenovo Ideapad Slim 5 Ryzen 7 Octa Core 5700U ,8GB,512GB SSD,AMD Ryzen 7,Mid Range Laptop,AMD,Solid State Drive,63990,Flipkart.com,1,1,2
568,Lenovo,Lenovo Ideapad Gaming 3 Ryzen 5 Hexa Core 5600H ,16GB,512GB SSD,AMD Ryzen 5,High End Laptop,AMD,Solid State Drive,77490,Flipkart.com,2,1,0
569,Lenovo,Lenovo Legion 5 Ryzen 5 Hexa Core 5600H ,8GB,512GB SSD,AMD Ryzen 5,High End Laptop,AMD,Solid State Drive,74999,Flipkart.com,1,1,0
570,Lenovo,Lenovo IdeaPad Gaming Core i7 10th Gen ,8GB,512GB SSD,Intel Core i7,High End Laptop,Intel,Solid State Drive,75990,Flipkart.com,1,0,0
571,HP,HP Core i3 11th Gen ,8GB,256GB SSD,Intel Core i3,Budget Laptop,Intel,Solid State Drive,38490,Flipkart.com,1,0,1
572,HP,HP HP Pavilion Ryzen 5 Hexa Core 4600H ,8GB,512GB SSD,AMD Ryzen 5,Mid Range Laptop,AMD,Solid State Drive,60950,Flipkart.com,1,1,2
573,HP,HP Ryzen 3 Dual Core 3250U ,8GB,256GB SSD,AMD Ryzen 3,Budget Laptop,AMD,Solid State Drive,35990,Flipkart.com,1,1,1
574,HP,HP Ryzen 5 Hexa Core 5500U ,8GB,512GB SSD,AMD Ryzen 5,Budget Laptop,AMD,Solid State Drive,48990,Flipkart.com,1,1,1
575,HP,HP Core i3 11th Gen ,8GB,256GB SSD,Intel Core i3,Budget Laptop,Intel,Solid State Drive,36490,Flipkart.com,1,0,1
576,HP,HP Ryzen 7 Octa Core 5700U ,8GB,512GB SSD,AMD Ryzen 7,Mid Range Laptop,AMD,Solid State Drive,56990,Flipkart.com,1,1,2
577,HP,HP Notebook PC Core i3 11th Gen ,8GB,1TB HDD,Intel Core i3,Budget Laptop,Intel,Hard Disk Drive,36990,Flipkart.com,1,0,1
578,HP,HP Core i3 11th Gen ,8GB,512GB SSD,Intel Core i3,Budget Laptop,Intel,Solid State Drive,39990,Flipkart.com,1,0,1
579,HP,HP Core i3 11th Gen ,8GB,512GB SSD,Intel Core i3,Budget Laptop,Intel,Solid State Drive,41397,Flipkart.com,1,0,1
580,HP,HP 15s Ryzen 3 Dual Core 3250U ,8GB,1TB HDD + 256GB SSD,AMD Ryzen 3,Budget Laptop,AMD,Hard Disk Drive & Solid State Drive,38999,Flipkart.com,1,1,1
581,HP,HP Core i3 11th Gen ,8GB,512GB SSD,Intel Core i3,Budget Laptop,Intel,Solid State Drive,42990,Flipkart.com,1,0,1
582,HP,HP Core i3 11th Gen ,8GB,512GB SSD,Intel Core i3,Budget Laptop,Intel,Solid State Drive,39990,Flipkart.com,1,0,1
583,HP,HP Core i5 11th Gen ,8GB,512GB SSD,Intel Core i5,Mid Range Laptop,Intel,Solid State Drive,53990,Flipkart.com,1,0,2
584,HP,HP Ryzen 5 Hexa Core 5500U ,8GB,512GB SSD,AMD Ryzen 5,Budget Laptop,AMD,Solid State Drive,47490,Flipkart.com,1,1,1
585,HP,HP Pavilion x360 Core i3 11th Gen ,8GB,512GB SSD,Intel Core i3,Mid Range Laptop,Intel,Solid State Drive,53990,Flipkart.com,1,0,2
586,HP,HP Core i5 11th Gen ,8GB,512GB SSD,Intel Core i5,Mid Range Laptop,Intel,Solid State Drive,50990,Flipkart.com,1,0,2
587,HP,HP Ryzen 5 Octa Core 3500u ,8GB,1TB HDD,AMD Ryzen 5,Budget Laptop,AMD,Hard Disk Drive,39980,Flipkart.com,1,1,1
588,HP,HP Pavilion Ryzen 5 Hexa Core 5600H ,8GB,512GB SSD,AMD Ryzen 5,Mid Range Laptop,AMD,Solid State Drive,59990,Flipkart.com,1,1,2
589,HP,HP Pavilion Aero Ryzen 5 Hexa Core 5600U ,16GB,512GB SSD,AMD Ryzen 5,Mid Range Laptop,AMD,Solid State Drive,64490,Flipkart.com,2,1,2
590,HP,HP Pavilion Ryzen 5 Hexa Core 5500U ,8GB,512GB SSD,AMD Ryzen 5,Mid Range Laptop,AMD,Solid State Drive,53990,Flipkart.com,1,1,2
591,HP,HP Laptop 255 G8 Notebook Ryzen 3 Dual Core AMD Ryzen 3,8GB,1TB HDD,AMD Ryzen 3,Budget Laptop,AMD,Hard Disk Drive,29790,Flipkart.com,1,1,1
592,HP,HP Ryzen 3 Quad Core 5300U ,8GB,512GB SSD,AMD Ryzen 3,Budget Laptop,AMD,Solid State Drive,38490,Flipkart.com,1,1,1
593,HP,HP Pavilion Ryzen 7 Octa Core 5825U ,16GB,512GB SSD,AMD Ryzen 7,Mid Range Laptop,AMD,Solid State Drive,69999,Flipkart.com,2,1,2
594,HP,HP Pentium Quad Core ,8GB,256GB SSD,Intel Pentium,Budget Laptop,Intel,Solid State Drive,32490,Flipkart.com,1,0,1
595,HP,HP Ryzen 3 Quad Core 5300U ,8GB,512GB SSD,AMD Ryzen 3,Budget Laptop,AMD,Solid State Drive,38990,Flipkart.com,1,1,1
596,HP,HP Pavilion Ryzen 5 Hexa Core 5625U ,8GB,512GB SSD,AMD Ryzen 5,Mid Range Laptop,AMD,Solid State Drive,52999,Flipkart.com,1,1,2
597,HP,HP Pavilion Core i5 11th Gen ,8GB,512GB SSD,Intel Core i5,Mid Range Laptop,Intel,Solid State Drive,60990,Flipkart.com,1,0,2
598,HP,HP Celeron Dual Core ,8GB,256GB SSD,Intel Celeron,Budget Laptop,Intel,Solid State Drive,30990,Flipkart.com,1,0,1
599,HP,HP Pavilion Ryzen 5 Hexa Core 5500U ,16GB,512GB SSD,AMD Ryzen 5,Mid Range Laptop,AMD,Solid State Drive,59990,Flipkart.com,2,1,2
600,HP,HP Pavilion Gaming Ryzen 5 Hexa Core 5600H ,8GB,512GB SSD,AMD Ryzen 5,Mid Range Laptop,AMD,Solid State Drive,59990,Flipkart.com,1,1,2
601,HP,HP Core i3 11th Gen ,8GB,512GB SSD,Intel Core i3,Budget Laptop,Intel,Solid State Drive,41990,Flipkart.com,1,0,1
602,HP,HP Pavilion x360 Core i3 11th Gen ,8GB,256GB SSD,Intel Core i3,Mid Range Laptop,Intel,Solid State Drive,50990,Flipkart.com,1,0,2
603,HP,HP Core i5 11th Gen ,8GB,512GB SSD,Intel Core i5,Mid Range Laptop,Intel,Solid State Drive,52990,Flipkart.com,1,0,2
604,HP,HP Pavilion Gaming Core i5 11th Gen ,8GB,1TB HDD + 256GB SSD,Intel Core i5,Mid Range Laptop,Intel,Hard Disk Drive & Solid State Drive,66990,Flipkart.com,1,0,2
605,HP,HP Ryzen 3 Dual Core ,8GB,1TB HDD,AMD Ryzen 3,Budget Laptop,AMD,Hard Disk Drive,29790,Flipkart.com,1,1,1
606,HP,HP Pavilion Ryzen 5 Hexa Core 5600H ,8GB,512GB SSD,AMD Ryzen 5,Mid Range Laptop,AMD,Solid State Drive,61490,Flipkart.com,1,1,2
607,HP,HP Pavilion x360 Convertible Core i7 11th Gen ,16GB,512GB SSD,Intel Core i7,High End Laptop,Intel,Solid State Drive,85190,Flipkart.com,2,0,0
608,HP,HP Ryzen 3 Hexa Core 4th Gen ,8GB,512GB SSD,AMD Ryzen 3,Mid Range Laptop,AMD,Solid State Drive,63590,Flipkart.com,1,1,2
609,HP,HP Pavilion Core i5 11th Gen ,8GB,512GB SSD,Intel Core i5,Mid Range Laptop,Intel,Solid State Drive,62990,Flipkart.com,1,0,2
610,HP,HP Core i5 12th Gen ,8GB,512GB SSD,Intel Core i5,Mid Range Laptop,Intel,Solid State Drive,57390,Flipkart.com,1,0,2
611,HP,HP 15s Core i3 11th Gen ,8GB,512GB SSD,Intel Core i3,Budget Laptop,Intel,Solid State Drive,41450,Flipkart.com,1,0,1
612,HP,HP Pavilion Core i5 11th Gen ,16GB,512GB SSD,Intel Core i5,Mid Range Laptop,Intel,Solid State Drive,65990,Flipkart.com,2,0,2
613,HP,HP Pavilion Ryzen 5 Hexa Core 5500U ,8GB,512GB SSD,AMD Ryzen 5,Mid Range Laptop,AMD,Solid State Drive,54999,Flipkart.com,1,1,2
614,HP,HP Core i3 11th Gen ,8GB,512GB SSD,Intel Core i3,Budget Laptop,Intel,Solid State Drive,39990,Flipkart.com,1,0,1
615,HP,HP Pavilion Gaming Ryzen 7 Octa Core 4800H ,16GB,1TB HDD + 256GB SSD,AMD Ryzen 7,High End Laptop,AMD,Hard Disk Drive & Solid State Drive,78990,Flipkart.com,2,1,0
616,HP,HP Pavilion Ryzen 5 Hexa Core 5625U ,16GB,512GB SSD,AMD Ryzen 5,Mid Range Laptop,AMD,Solid State Drive,59999,Flipkart.com,2,1,2
617,HP,HP Pavilion x360 Core i3 10th Gen ,8GB,256GB SSD,Intel Core i3,Budget Laptop,Intel,Solid State Drive,47890,Flipkart.com,1,0,1
618,HP,HP Ryzen 5 Quad Core 3500U 3rd Gen ,8GB,1TB HDD,AMD Ryzen 5,Budget Laptop,AMD,Hard Disk Drive,37290,Flipkart.com,1,1,1
619,HP,HP OMEN 15 Ryzen 7 Octa Core 5800H ,16GB,1TB SSD,AMD Ryzen 7,High End Laptop,AMD,Solid State Drive,158490,Flipkart.com,2,1,0
620,HP,HP Pavilion x360 Core i3 10th Gen ,8GB,256GB SSD,Intel Core i3,Budget Laptop,Intel,Solid State Drive,47890,Flipkart.com,1,0,1
621,HP,HP 15s Core i5 11th Gen ,8GB,1TB HDD,Intel Core i5,Mid Range Laptop,Intel,Hard Disk Drive,56490,Flipkart.com,1,0,2
622,HP,HP Core i5 12th Gen ,8GB,512GB SSD,Intel Core i5,Mid Range Laptop,Intel,Solid State Drive,58990,Flipkart.com,1,0,2
623,HP,HP Core i3 10th Gen ,8GB,512GB SSD,Intel Core i3,Budget Laptop,Intel,Solid State Drive,42990,Flipkart.com,1,0,1
624,HP,HP HP Pavilion Core i5 11th Gen ,16GB,512GB SSD,Intel Core i5,High End Laptop,Intel,Solid State Drive,71990,Flipkart.com,2,0,0
625,HP,HP 15s Core i3 11th Gen ,8GB,1TB HDD,Intel Core i3,Budget Laptop,Intel,Hard Disk Drive,43490,Flipkart.com,1,0,1
626,HP,HP 15 Core i3 6th Gen ,4GB,1TB HDD,Intel Core i3,Budget Laptop,Intel,Hard Disk Drive,34881,Flipkart.com,0,0,1
627,HP,HP Ryzen 3 Dual Core ,8GB,512GB SSD,AMD Ryzen 3,Budget Laptop,AMD,Solid State Drive,39000,Flipkart.com,1,1,1
628,HP,HP 14s Core i3 11th Gen ,8GB,256GB SSD,Intel Core i3,Budget Laptop,Intel,Solid State Drive,42490,Flipkart.com,1,0,1
629,HP,HP Pavilion Core i5 12th Gen ,8GB,512GB SSD,Intel Core i5,Mid Range Laptop,Intel,Solid State Drive,64900,Flipkart.com,1,0,2
630,HP,HP 14s Core i3 11th Gen ,8GB,256GB SSD,Intel Core i3,Budget Laptop,Intel,Solid State Drive,42290,Flipkart.com,1,0,1
631,HP,HP 14s Core i5 10th Gen ,8GB,512GB SSD,Intel Core i5,Mid Range Laptop,Intel,Solid State Drive,55990,Flipkart.com,1,0,2
632,HP,HP Pavilion Core i7 11th Gen ,16GB,512GB SSD,Intel Core i7,High End Laptop,Intel,Solid State Drive,85190,Flipkart.com,2,0,0
633,HP,HP Pavilion Ryzen 5 Hexa Core 5625U ,16GB,512GB SSD,AMD Ryzen 5,Mid Range Laptop,AMD,Solid State Drive,62900,Flipkart.com,2,1,2
634,HP,HP 14s Core i3 10th Gen ,8GB,512GB SSD,Intel Core i3,Budget Laptop,Intel,Solid State Drive,49490,Flipkart.com,1,0,1
635,HP,HP Pavilion Gaming Ryzen 5 Quad Core 3550H ,8GB,512GB SSD,AMD Ryzen 5,Mid Range Laptop,AMD,Solid State Drive,59990,Flipkart.com,1,1,2
636,HP,HP Core i5 11th Gen ,8GB,512GB SSD,Intel Core i5,Mid Range Laptop,Intel,Solid State Drive,61990,Flipkart.com,1,0,2
637,HP,HP Core i5 11th Gen ,8GB,512GB SSD,Intel Core i5,Mid Range Laptop,Intel,Solid State Drive,57990,Flipkart.com,1,0,2
638,HP,HP 15s Ryzen 5 Hexa Core 4500U ,8GB,256GB SSD,AMD Ryzen 5,Budget Laptop,AMD,Solid State Drive,45990,Flipkart.com,1,1,1
639,HP,HP 15s Ryzen 5 Quad Core 3500U ,8GB,512GB SSD,AMD Ryzen 5,Budget Laptop,AMD,Solid State Drive,46990,Flipkart.com,1,1,1
640,HP,HP Pavilion x360 Convertible Core i3 11th Gen ,8GB,512GB SSD,Intel Core i3,Mid Range Laptop,Intel,Solid State Drive,55490,Flipkart.com,1,0,2
641,HP,HP Pavilion Gaming Core i5 11th Gen ,16GB,512GB SSD,Intel Core i5,High End Laptop,Intel,Solid State Drive,70990,Flipkart.com,2,0,0
642,HP,HP Pavilion Gaming Ryzen 7 Octa Core 5800H ,16GB,512GB SSD,AMD Ryzen 7,High End Laptop,AMD,Solid State Drive,79990,Flipkart.com,2,1,0
643,Dell,DELL Vostro Core i3 10th Gen ,8GB,512GB SSD,Intel Core i3,Budget Laptop,Intel,Solid State Drive,43390,Flipkart.com,1,0,1
644,Dell,DELL Vostro Ryzen 3 Dual Core R3,8GB,1TB HDD,AMD Ryzen 3,Budget Laptop,AMD,Hard Disk Drive,35000,Flipkart.com,1,1,1
645,Dell,DELL Inspiron Athlon Dual Core 3050U ,8GB,256GB SSD,AMD Athlon,Budget Laptop,AMD,Solid State Drive,33290,Flipkart.com,1,1,1
646,Dell,DELL Inspiron Ryzen 3 Dual Core 3250U ,8GB,256GB SSD,AMD Ryzen 3,Budget Laptop,AMD,Solid State Drive,37799,Flipkart.com,1,1,1
647,Dell,DELL Vostro Core i3 11th Gen ,8GB,256GB SSD,Intel Core i3,Budget Laptop,Intel,Solid State Drive,42390,Flipkart.com,1,0,1
648,Dell,DELL Vostro Core i3 10th Gen ,8GB,1TB HDD + 256GB SSD,Intel Core i3,Budget Laptop,Intel,Hard Disk Drive & Solid State Drive,41490,Flipkart.com,1,0,1
649,Dell,DELL Inspiron Pentium Silver ,8GB,256GB SSD,Intel Pentium,Budget Laptop,Intel,Solid State Drive,33390,Flipkart.com,1,0,1
650,Dell,DELL Ryzen 3 Dual Core 3250U ,8GB,1TB HDD + 256GB SSD,AMD Ryzen 3,Budget Laptop,AMD,Hard Disk Drive & Solid State Drive,41290,Flipkart.com,1,1,1
651,Dell,DELL Vostro Core i5 11th Gen ,8GB,1TB HDD + 256GB SSD,Intel Core i5,Mid Range Laptop,Intel,Hard Disk Drive & Solid State Drive,57390,Flipkart.com,1,0,2
652,Dell,DELL Inspiron Core i3 11th Gen ,8GB,256GB SSD,Intel Core i3,Mid Range Laptop,Intel,Solid State Drive,55190,Flipkart.com,1,0,2
653,Dell,DELL Vostro Core i3 11th Gen ,4GB,1TB HDD + 256GB SSD,Intel Core i3,Budget Laptop,Intel,Hard Disk Drive & Solid State Drive,43090,Flipkart.com,0,0,1
654,Dell,DELL Core i3 10th Gen ,8GB,1TB HDD + 256GB SSD,Intel Core i3,Budget Laptop,Intel,Hard Disk Drive & Solid State Drive,42890,Flipkart.com,1,0,1
655,Dell,DELL Inspiron Core i5 11th Gen ,16GB,512GB SSD,Intel Core i5,Mid Range Laptop,Intel,Solid State Drive,69590,Flipkart.com,2,0,2
656,Dell,DELL Inspiron Core i3 10th Gen ,8GB,256GB SSD,Intel Core i3,Budget Laptop,Intel,Solid State Drive,43590,Flipkart.com,1,0,1
657,Dell,DELL Inspiron Ryzen 3 Dual Core 3250U ,8GB,256GB SSD,AMD Ryzen 3,Budget Laptop,AMD,Solid State Drive,39490,Flipkart.com,1,1,1
658,Dell,DELL Inspiron Ryzen 3 Dual Core 3250U ,8GB,1TB HDD + 256GB SSD,AMD Ryzen 3,Budget Laptop,AMD,Hard Disk Drive & Solid State Drive,44390,Flipkart.com,1,1,1
659,Dell,DELL Inspiron Ryzen 3 Dual Core 3250U ,8GB,256GB SSD,AMD Ryzen 3,Budget Laptop,AMD,Solid State Drive,39990,Flipkart.com,1,1,1
660,Dell,DELL Vostro Core i3 11th Gen ,8GB,256GB SSD,Intel Core i3,Budget Laptop,Intel,Solid State Drive,40490,Flipkart.com,1,0,1
661,Dell,DELL Vostro Ryzen 5 Quad Core R5,8GB,256GB SSD,AMD Ryzen 5,Budget Laptop,AMD,Solid State Drive,40790,Flipkart.com,1,1,1
662,Dell,DELL Vostro Core i3 11th Gen ,8GB,256GB SSD,Intel Core i3,Budget Laptop,Intel,Solid State Drive,43090,Flipkart.com,1,0,1
663,Dell,DELL Vostro Core i3 11th Gen ,8GB,1TB HDD,Intel Core i3,Budget Laptop,Intel,Hard Disk Drive,41490,Flipkart.com,1,0,1
664,Dell,DELL Inspiron Core i3 11th Gen ,8GB,256GB SSD,Intel Core i3,Budget Laptop,Intel,Solid State Drive,42190,Flipkart.com,1,0,1
665,Dell,DELL Ryzen 5 Hexa Core 5600H ,8GB,512GB SSD,AMD Ryzen 5,High End Laptop,AMD,Solid State Drive,70990,Flipkart.com,1,1,0
666,Dell,DELL Inspiron Core i5 11th Gen ,16GB,512GB SSD,Intel Core i5,High End Laptop,Intel,Solid State Drive,76090,Flipkart.com,2,0,0
667,Dell,DELL Vostro Core i3 10th Gen ,8GB,512GB SSD,Intel Core i3,Budget Laptop,Intel,Solid State Drive,40990,Flipkart.com,1,0,1
668,Dell,DELL Inspiron Ryzen 5 Dual Core 3450U ,8GB,512GB SSD,AMD Ryzen 5,Budget Laptop,AMD,Solid State Drive,47490,Flipkart.com,1,1,1
669,Dell,DELL Vostro Core i3 11th Gen ,8GB,256GB SSD,Intel Core i3,Budget Laptop,Intel,Solid State Drive,42890,Flipkart.com,1,0,1
670,Dell,DELL Vostro Core i3 10th Gen ,4GB,1TB HDD + 256GB SSD,Intel Core i3,Budget Laptop,Intel,Hard Disk Drive & Solid State Drive,44490,Flipkart.com,0,0,1
671,Dell,DELL Inspiron Core i3 11th Gen ,8GB,1TB HDD,Intel Core i3,Budget Laptop,Intel,Hard Disk Drive,40990,Flipkart.com,1,0,1
672,Dell,DELL Vostro Core i3 11th Gen ,8GB,1TB HDD,Intel Core i3,Budget Laptop,Intel,Hard Disk Drive,42390,Flipkart.com,1,0,1
673,Dell,DELL Inspiron Ryzen 3 Dual Core 3250U ,8GB,1TB HDD,AMD Ryzen 3,Budget Laptop,AMD,Hard Disk Drive,38990,Flipkart.com,1,1,1
674,Dell,DELL INSPIRON Core i3 10th Gen ,8GB,1TB HDD,Intel Core i3,Budget Laptop,Intel,Hard Disk Drive,42690,Flipkart.com,1,0,1
675,Dell,DELL Vostro Core i3 10th Gen ,8GB,512GB SSD,Intel Core i3,Budget Laptop,Intel,Solid State Drive,43290,Flipkart.com,1,0,1
676,Dell,DELL Vostro Ryzen 5 Hexa Core 5500U ,8GB,512GB SSD,AMD Ryzen 5,Mid Range Laptop,AMD,Solid State Drive,55990,Flipkart.com,1,1,2
677,Dell,DELL Core i3 11th Gen ,8GB,512GB SSD,Intel Core i3,Mid Range Laptop,Intel,Solid State Drive,60690,Flipkart.com,1,0,2
678,Dell,DELL Inspiron Core i5 11th Gen ,8GB,512GB SSD,Intel Core i5,Mid Range Laptop,Intel,Solid State Drive,64290,Flipkart.com,1,0,2
679,Dell,DELL Inspiron Core i3 10th Gen ,4GB,256GB SSD,Intel Core i3,Budget Laptop,Intel,Solid State Drive,39890,Flipkart.com,0,0,1
680,Dell,DELL Vostro Core i3 10th Gen ,4GB,256GB SSD,Intel Core i3,Budget Laptop,Intel,Solid State Drive,36057,Flipkart.com,0,0,1
681,Dell,DELL Ryzen 5 Hexa Core 5600H ,16GB,512GB SSD,AMD Ryzen 5,High End Laptop,AMD,Solid State Drive,75990,Flipkart.com,2,1,0
682,Dell,DELL Inspiron Core i5 11th Gen ,4GB,1TB HDD + 256GB SSD,Intel Core i5,Mid Range Laptop,Intel,Hard Disk Drive & Solid State Drive,56590,Flipkart.com,0,0,2
683,Dell,DELL Inspiron Core i3 10th Gen ,8GB,1TB HDD,Intel Core i3,Budget Laptop,Intel,Hard Disk Drive,39390,Flipkart.com,1,0,1
684,Dell,DELL Core i5 11th Gen ,16GB,512GB SSD,Intel Core i5,High End Laptop,Intel,Solid State Drive,85990,Flipkart.com,2,0,0
685,Dell,DELL Inspiron Ryzen 5 Quad Core 3450U ,8GB,256GB SSD,AMD Ryzen 5,Budget Laptop,AMD,Solid State Drive,44390,Flipkart.com,1,1,1
686,Dell,DELL Vostro Core i5 11th Gen ,8GB,1TB HDD,Intel Core i5,Mid Range Laptop,Intel,Hard Disk Drive,54790,Flipkart.com,1,0,2
687,Dell,DELL Inspiron Core i5 11th Gen ,8GB,512GB SSD,Intel Core i5,High End Laptop,Intel,Solid State Drive,72490,Flipkart.com,1,0,0
688,Dell,DELL Inspiron Core i3 10th Gen ,8GB,256GB SSD,Intel Core i3,Budget Laptop,Intel,Solid State Drive,44190,Flipkart.com,1,0,1
689,Dell,DELL Inspiron Ryzen 7 Octa Core 5825U ,8GB,512GB SSD,AMD Ryzen 7,Mid Range Laptop,AMD,Solid State Drive,66190,Flipkart.com,1,1,2
690,Dell,DELL Inspiron Ryzen 5 Quad Core 3450U ,8GB,256GB SSD,AMD Ryzen 5,Budget Laptop,AMD,Solid State Drive,49613,Flipkart.com,1,1,1
